[{"model": "admin.logentry", "pk": 1, "fields": {"action_time": "2025-03-08T06:48:07.090Z", "user": 1, "content_type": 7, "object_id": "1", "object_repr": "Salad", "action_flag": 1, "change_message": "[{\"added\": {}}]"}}, {"model": "admin.logentry", "pk": 2, "fields": {"action_time": "2025-03-08T06:49:22.663Z", "user": 1, "content_type": 10, "object_id": "1", "object_repr": "Chicken breast salad", "action_flag": 1, "change_message": "[{\"added\": {}}]"}}, {"model": "admin.logentry", "pk": 3, "fields": {"action_time": "2025-03-08T06:54:30.682Z", "user": 1, "content_type": 10, "object_id": "2", "object_repr": "Tuna salad", "action_flag": 1, "change_message": "[{\"added\": {}}]"}}, {"model": "admin.logentry", "pk": 4, "fields": {"action_time": "2025-03-08T06:57:09.641Z", "user": 1, "content_type": 10, "object_id": "3", "object_repr": "Egg and avocado salad", "action_flag": 1, "change_message": "[{\"added\": {}}]"}}, {"model": "admin.logentry", "pk": 5, "fields": {"action_time": "2025-03-08T06:57:41.678Z", "user": 1, "content_type": 10, "object_id": "3", "object_repr": "Egg and avocado salad", "action_flag": 2, "change_message": "[{\"changed\": {\"fields\": [\"Calories\", \"Protein\", \"Carbs\", \"Fat\"]}}]"}}, {"model": "admin.logentry", "pk": 6, "fields": {"action_time": "2025-03-08T07:01:17.122Z", "user": 1, "content_type": 10, "object_id": "4", "object_repr": "Quinoa & Vegetable Salad", "action_flag": 1, "change_message": "[{\"added\": {}}]"}}, {"model": "admin.logentry", "pk": 7, "fields": {"action_time": "2025-03-08T07:06:08.213Z", "user": 1, "content_type": 10, "object_id": "5", "object_repr": "Seaweed & Tofu Salad", "action_flag": 1, "change_message": "[{\"added\": {}}]"}}, {"model": "admin.logentry", "pk": 8, "fields": {"action_time": "2025-03-08T07:10:06.380Z", "user": 1, "content_type": 10, "object_id": "6", "object_repr": "Pan-fried beef salad", "action_flag": 1, "change_message": "[{\"added\": {}}]"}}, {"model": "admin.logentry", "pk": 9, "fields": {"action_time": "2025-03-08T07:12:15.909Z", "user": 1, "content_type": 10, "object_id": "7", "object_repr": "Chickpea salad", "action_flag": 1, "change_message": "[{\"added\": {}}]"}}, {"model": "admin.logentry", "pk": 10, "fields": {"action_time": "2025-03-08T07:13:07.877Z", "user": 1, "content_type": 10, "object_id": "7", "object_repr": "Chickpea salad", "action_flag": 2, "change_message": "[{\"changed\": {\"fields\": [\"Image\"]}}]"}}, {"model": "admin.logentry", "pk": 11, "fields": {"action_time": "2025-03-08T07:16:51.790Z", "user": 1, "content_type": 7, "object_id": "2", "object_repr": "Protein", "action_flag": 1, "change_message": "[{\"added\": {}}]"}}, {"model": "admin.logentry", "pk": 12, "fields": {"action_time": "2025-03-08T07:18:32.061Z", "user": 1, "content_type": 10, "object_id": "8", "object_repr": "Honey & Chia Seed Grilled Chicken Breast", "action_flag": 1, "change_message": "[{\"added\": {}}]"}}, {"model": "admin.logentry", "pk": 13, "fields": {"action_time": "2025-03-08T07:19:14.091Z", "user": 1, "content_type": 10, "object_id": "5", "object_repr": "Seaweed & Tofu salad", "action_flag": 2, "change_message": "[{\"changed\": {\"fields\": [\"Name\"]}}]"}}, {"model": "admin.logentry", "pk": 14, "fields": {"action_time": "2025-03-08T07:19:25.007Z", "user": 1, "content_type": 10, "object_id": "4", "object_repr": "Quinoa & Vegetable salad", "action_flag": 2, "change_message": "[{\"changed\": {\"fields\": [\"Name\"]}}]"}}, {"model": "admin.logentry", "pk": 15, "fields": {"action_time": "2025-03-08T07:20:04.662Z", "user": 1, "content_type": 10, "object_id": "8", "object_repr": "Honey & Chia Seed Grilled Chicken Breast", "action_flag": 2, "change_message": "[{\"changed\": {\"fields\": [\"Image\"]}}]"}}, {"model": "admin.logentry", "pk": 16, "fields": {"action_time": "2025-03-08T07:23:23.044Z", "user": 1, "content_type": 10, "object_id": "9", "object_repr": "Pan-fried salmon with lemon sauce", "action_flag": 1, "change_message": "[{\"added\": {}}]"}}, {"model": "admin.logentry", "pk": 17, "fields": {"action_time": "2025-03-08T07:26:24.374Z", "user": 1, "content_type": 10, "object_id": "10", "object_repr": "Grilled mackerel with black pepper sauce", "action_flag": 1, "change_message": "[{\"added\": {}}]"}}, {"model": "admin.logentry", "pk": 18, "fields": {"action_time": "2025-03-08T07:30:16.627Z", "user": 1, "content_type": 10, "object_id": "10", "object_repr": "Grilled mackerel with black pepper sauce", "action_flag": 2, "change_message": "[{\"changed\": {\"fields\": [\"Image\"]}}]"}}, {"model": "admin.logentry", "pk": 19, "fields": {"action_time": "2025-03-08T07:31:52.085Z", "user": 1, "content_type": 10, "object_id": "11", "object_repr": "Steamed Shrimp with Ginger & Lemongrass", "action_flag": 1, "change_message": "[{\"added\": {}}]"}}, {"model": "admin.logentry", "pk": 20, "fields": {"action_time": "2025-03-08T07:32:48.545Z", "user": 1, "content_type": 10, "object_id": "11", "object_repr": "Steamed Shrimp with Ginger & Lemongrass", "action_flag": 2, "change_message": "[{\"changed\": {\"fields\": [\"Image\"]}}]"}}, {"model": "admin.logentry", "pk": 21, "fields": {"action_time": "2025-03-08T07:33:26.898Z", "user": 1, "content_type": 10, "object_id": "11", "object_repr": "Steamed Shrimp with Ginger & Lemongrass", "action_flag": 2, "change_message": "[{\"changed\": {\"fields\": [\"Price\"]}}]"}}, {"model": "admin.logentry", "pk": 22, "fields": {"action_time": "2025-03-08T07:35:03.758Z", "user": 1, "content_type": 7, "object_id": "3", "object_repr": "Healthy Carbs", "action_flag": 1, "change_message": "[{\"added\": {}}]"}}, {"model": "admin.logentry", "pk": 23, "fields": {"action_time": "2025-03-08T07:36:08.057Z", "user": 1, "content_type": 10, "object_id": "12", "object_repr": "Brown Rice & Quinoa Mix", "action_flag": 1, "change_message": "[{\"added\": {}}]"}}, {"model": "admin.logentry", "pk": 24, "fields": {"action_time": "2025-03-08T07:37:22.928Z", "user": 1, "content_type": 10, "object_id": "12", "object_repr": "Brown Rice & Quinoa Mix", "action_flag": 2, "change_message": "[{\"changed\": {\"fields\": [\"Image\"]}}]"}}, {"model": "admin.logentry", "pk": 25, "fields": {"action_time": "2025-03-08T07:39:53.427Z", "user": 1, "content_type": 10, "object_id": "13", "object_repr": "Whole Wheat Bread with Peanut Butter", "action_flag": 1, "change_message": "[{\"added\": {}}]"}}, {"model": "admin.logentry", "pk": 26, "fields": {"action_time": "2025-03-08T07:42:51.074Z", "user": 1, "content_type": 10, "object_id": "14", "object_repr": "Overnight Oats with Chia Seeds", "action_flag": 1, "change_message": "[{\"added\": {}}]"}}, {"model": "admin.logentry", "pk": 27, "fields": {"action_time": "2025-03-08T07:44:21.331Z", "user": 1, "content_type": 7, "object_id": "4", "object_repr": "Healthy Snacks", "action_flag": 1, "change_message": "[{\"added\": {}}]"}}, {"model": "admin.logentry", "pk": 28, "fields": {"action_time": "2025-03-08T07:45:52.042Z", "user": 1, "content_type": 10, "object_id": "15", "object_repr": "Greek Yogurt with Mixed Nuts", "action_flag": 1, "change_message": "[{\"added\": {}}]"}}, {"model": "admin.logentry", "pk": 29, "fields": {"action_time": "2025-03-08T07:48:39.078Z", "user": 1, "content_type": 10, "object_id": "16", "object_repr": "Roasted Almonds with Himalayan Salt", "action_flag": 1, "change_message": "[{\"added\": {}}]"}}, {"model": "admin.logentry", "pk": 30, "fields": {"action_time": "2025-03-08T13:22:25.856Z", "user": 1, "content_type": 7, "object_id": "5", "object_repr": "Drinks", "action_flag": 1, "change_message": "[{\"added\": {}}]"}}, {"model": "admin.logentry", "pk": 31, "fields": {"action_time": "2025-03-08T13:23:32.375Z", "user": 1, "content_type": 10, "object_id": "17", "object_repr": "Celery & Pineapple Juice", "action_flag": 1, "change_message": "[{\"added\": {}}]"}}, {"model": "admin.logentry", "pk": 32, "fields": {"action_time": "2025-03-08T13:25:40.930Z", "user": 1, "content_type": 10, "object_id": "18", "object_repr": "Almond Milk", "action_flag": 1, "change_message": "[{\"added\": {}}]"}}, {"model": "admin.logentry", "pk": 33, "fields": {"action_time": "2025-03-08T13:27:46.098Z", "user": 1, "content_type": 7, "object_id": "6", "object_repr": "Main Dishes & Hot Meals", "action_flag": 1, "change_message": "[{\"added\": {}}]"}}, {"model": "admin.logentry", "pk": 34, "fields": {"action_time": "2025-03-08T13:28:28.100Z", "user": 1, "content_type": 10, "object_id": "19", "object_repr": "Udon Noodles with Miso & Mushrooms", "action_flag": 1, "change_message": "[{\"added\": {}}]"}}, {"model": "admin.logentry", "pk": 35, "fields": {"action_time": "2025-03-08T13:31:21.907Z", "user": 1, "content_type": 10, "object_id": "20", "object_repr": "Lean Beef Steak with Green Pepper Sauce", "action_flag": 1, "change_message": "[{\"added\": {}}]"}}, {"model": "admin.logentry", "pk": 36, "fields": {"action_time": "2025-03-08T13:34:47.229Z", "user": 1, "content_type": 7, "object_id": "7", "object_repr": "Plant-Based & Detox", "action_flag": 1, "change_message": "[{\"added\": {}}]"}}, {"model": "admin.logentry", "pk": 37, "fields": {"action_time": "2025-03-08T13:35:33.141Z", "user": 1, "content_type": 10, "object_id": "21", "object_repr": "Brown Rice & Seaweed Rolls", "action_flag": 1, "change_message": "[{\"added\": {}}]"}}, {"model": "admin.logentry", "pk": 38, "fields": {"action_time": "2025-03-08T13:37:07.508Z", "user": 1, "content_type": 10, "object_id": "22", "object_repr": "Pumpkin & Cashew Soup", "action_flag": 1, "change_message": "[{\"added\": {}}]"}}, {"model": "admin.logentry", "pk": 39, "fields": {"action_time": "2025-03-08T13:41:34.411Z", "user": 1, "content_type": 10, "object_id": "23", "object_repr": "Pepsi Zero", "action_flag": 1, "change_message": "[{\"added\": {}}]"}}, {"model": "admin.logentry", "pk": 40, "fields": {"action_time": "2025-03-08T13:43:14.251Z", "user": 1, "content_type": 10, "object_id": "24", "object_repr": "Coca Zero", "action_flag": 1, "change_message": "[{\"added\": {}}]"}}, {"model": "admin.logentry", "pk": 41, "fields": {"action_time": "2025-03-08T13:49:25.091Z", "user": 1, "content_type": 10, "object_id": "25", "object_repr": "Boiled Eggs", "action_flag": 1, "change_message": "[{\"added\": {}}]"}}, {"model": "admin.logentry", "pk": 42, "fields": {"action_time": "2025-03-08T13:52:02.746Z", "user": 1, "content_type": 10, "object_id": "26", "object_repr": "Apple", "action_flag": 1, "change_message": "[{\"added\": {}}]"}}, {"model": "admin.logentry", "pk": 43, "fields": {"action_time": "2025-03-08T13:54:47.892Z", "user": 1, "content_type": 10, "object_id": "27", "object_repr": "Banana", "action_flag": 1, "change_message": "[{\"added\": {}}]"}}, {"model": "admin.logentry", "pk": 44, "fields": {"action_time": "2025-03-08T13:56:51.245Z", "user": 1, "content_type": 15, "object_id": "1", "object_repr": "Combo1", "action_flag": 1, "change_message": "[{\"added\": {}}]"}}, {"model": "admin.logentry", "pk": 45, "fields": {"action_time": "2025-03-08T13:57:27.929Z", "user": 1, "content_type": 16, "object_id": "1", "object_repr": "Combo1 - Egg and avocado salad x1", "action_flag": 1, "change_message": "[{\"added\": {}}]"}}, {"model": "admin.logentry", "pk": 46, "fields": {"action_time": "2025-03-08T13:57:40.213Z", "user": 1, "content_type": 16, "object_id": "2", "object_repr": "Combo1 - Grilled mackerel with black pepper sauce x1", "action_flag": 1, "change_message": "[{\"added\": {}}]"}}, {"model": "admin.logentry", "pk": 47, "fields": {"action_time": "2025-03-08T13:57:49.758Z", "user": 1, "content_type": 16, "object_id": "3", "object_repr": "Combo1 - Apple x1", "action_flag": 1, "change_message": "[{\"added\": {}}]"}}, {"model": "admin.logentry", "pk": 48, "fields": {"action_time": "2025-03-08T13:58:34.909Z", "user": 1, "content_type": 15, "object_id": "1", "object_repr": "Combo1", "action_flag": 2, "change_message": "[{\"changed\": {\"fields\": [\"Image\"]}}]"}}, {"model": "admin.logentry", "pk": 49, "fields": {"action_time": "2025-03-08T14:00:28.854Z", "user": 1, "content_type": 15, "object_id": "2", "object_repr": "Combo 2", "action_flag": 1, "change_message": "[{\"added\": {}}]"}}, {"model": "admin.logentry", "pk": 50, "fields": {"action_time": "2025-03-08T14:01:24.760Z", "user": 1, "content_type": 15, "object_id": "3", "object_repr": "Combo 3", "action_flag": 1, "change_message": "[{\"added\": {}}]"}}, {"model": "admin.logentry", "pk": 51, "fields": {"action_time": "2025-03-08T14:01:43.391Z", "user": 1, "content_type": 16, "object_id": "4", "object_repr": "Combo 2 - Quinoa & Vegetable salad x1", "action_flag": 1, "change_message": "[{\"added\": {}}]"}}, {"model": "admin.logentry", "pk": 52, "fields": {"action_time": "2025-03-08T14:01:52.039Z", "user": 1, "content_type": 16, "object_id": "5", "object_repr": "Combo 2 - Pepsi Zero x1", "action_flag": 1, "change_message": "[{\"added\": {}}]"}}, {"model": "admin.logentry", "pk": 53, "fields": {"action_time": "2025-03-08T14:02:00.237Z", "user": 1, "content_type": 16, "object_id": "6", "object_repr": "Combo 2 - Steamed Shrimp with Ginger & Lemongrass x1", "action_flag": 1, "change_message": "[{\"added\": {}}]"}}, {"model": "admin.logentry", "pk": 54, "fields": {"action_time": "2025-03-08T14:02:14.973Z", "user": 1, "content_type": 16, "object_id": "7", "object_repr": "Combo 3 - Seaweed & Tofu salad x1", "action_flag": 1, "change_message": "[{\"added\": {}}]"}}, {"model": "admin.logentry", "pk": 55, "fields": {"action_time": "2025-03-08T14:02:24.598Z", "user": 1, "content_type": 16, "object_id": "8", "object_repr": "Combo 3 - Coca Zero x1", "action_flag": 1, "change_message": "[{\"added\": {}}]"}}, {"model": "admin.logentry", "pk": 56, "fields": {"action_time": "2025-03-08T14:02:33.116Z", "user": 1, "content_type": 16, "object_id": "9", "object_repr": "Combo 3 - Pan-fried salmon with lemon sauce x1", "action_flag": 1, "change_message": "[{\"added\": {}}]"}}, {"model": "admin.logentry", "pk": 57, "fields": {"action_time": "2025-03-08T14:02:43.035Z", "user": 1, "content_type": 16, "object_id": "10", "object_repr": "Combo 3 - Whole Wheat Bread with Peanut Butter x1", "action_flag": 1, "change_message": "[{\"added\": {}}]"}}, {"model": "admin.logentry", "pk": 58, "fields": {"action_time": "2025-03-08T14:03:48.042Z", "user": 1, "content_type": 15, "object_id": "1", "object_repr": "Combo 1", "action_flag": 2, "change_message": "[{\"changed\": {\"fields\": [\"Name\"]}}]"}}, {"model": "admin.logentry", "pk": 59, "fields": {"action_time": "2025-03-15T11:03:34.867Z", "user": 1, "content_type": 10, "object_id": "20", "object_repr": "Lean Beef Steak with Green Pepper Sauce", "action_flag": 2, "change_message": "[{\"changed\": {\"fields\": [\"Sale\", \"Discount percentage\"]}}]"}}, {"model": "auth.permission", "pk": 1, "fields": {"name": "Can add log entry", "content_type": 1, "codename": "add_logentry"}}, {"model": "auth.permission", "pk": 2, "fields": {"name": "Can change log entry", "content_type": 1, "codename": "change_logentry"}}, {"model": "auth.permission", "pk": 3, "fields": {"name": "Can delete log entry", "content_type": 1, "codename": "delete_logentry"}}, {"model": "auth.permission", "pk": 4, "fields": {"name": "Can view log entry", "content_type": 1, "codename": "view_logentry"}}, {"model": "auth.permission", "pk": 5, "fields": {"name": "Can add permission", "content_type": 2, "codename": "add_permission"}}, {"model": "auth.permission", "pk": 6, "fields": {"name": "Can change permission", "content_type": 2, "codename": "change_permission"}}, {"model": "auth.permission", "pk": 7, "fields": {"name": "Can delete permission", "content_type": 2, "codename": "delete_permission"}}, {"model": "auth.permission", "pk": 8, "fields": {"name": "Can view permission", "content_type": 2, "codename": "view_permission"}}, {"model": "auth.permission", "pk": 9, "fields": {"name": "Can add group", "content_type": 3, "codename": "add_group"}}, {"model": "auth.permission", "pk": 10, "fields": {"name": "Can change group", "content_type": 3, "codename": "change_group"}}, {"model": "auth.permission", "pk": 11, "fields": {"name": "Can delete group", "content_type": 3, "codename": "delete_group"}}, {"model": "auth.permission", "pk": 12, "fields": {"name": "Can view group", "content_type": 3, "codename": "view_group"}}, {"model": "auth.permission", "pk": 13, "fields": {"name": "Can add user", "content_type": 4, "codename": "add_user"}}, {"model": "auth.permission", "pk": 14, "fields": {"name": "Can change user", "content_type": 4, "codename": "change_user"}}, {"model": "auth.permission", "pk": 15, "fields": {"name": "Can delete user", "content_type": 4, "codename": "delete_user"}}, {"model": "auth.permission", "pk": 16, "fields": {"name": "Can view user", "content_type": 4, "codename": "view_user"}}, {"model": "auth.permission", "pk": 17, "fields": {"name": "Can add content type", "content_type": 5, "codename": "add_contenttype"}}, {"model": "auth.permission", "pk": 18, "fields": {"name": "Can change content type", "content_type": 5, "codename": "change_contenttype"}}, {"model": "auth.permission", "pk": 19, "fields": {"name": "Can delete content type", "content_type": 5, "codename": "delete_contenttype"}}, {"model": "auth.permission", "pk": 20, "fields": {"name": "Can view content type", "content_type": 5, "codename": "view_contenttype"}}, {"model": "auth.permission", "pk": 21, "fields": {"name": "Can add session", "content_type": 6, "codename": "add_session"}}, {"model": "auth.permission", "pk": 22, "fields": {"name": "Can change session", "content_type": 6, "codename": "change_session"}}, {"model": "auth.permission", "pk": 23, "fields": {"name": "Can delete session", "content_type": 6, "codename": "delete_session"}}, {"model": "auth.permission", "pk": 24, "fields": {"name": "Can view session", "content_type": 6, "codename": "view_session"}}, {"model": "auth.permission", "pk": 25, "fields": {"name": "Can add category", "content_type": 7, "codename": "add_category"}}, {"model": "auth.permission", "pk": 26, "fields": {"name": "Can change category", "content_type": 7, "codename": "change_category"}}, {"model": "auth.permission", "pk": 27, "fields": {"name": "Can delete category", "content_type": 7, "codename": "delete_category"}}, {"model": "auth.permission", "pk": 28, "fields": {"name": "Can view category", "content_type": 7, "codename": "view_category"}}, {"model": "auth.permission", "pk": 29, "fields": {"name": "Can add customer", "content_type": 8, "codename": "add_customer"}}, {"model": "auth.permission", "pk": 30, "fields": {"name": "Can change customer", "content_type": 8, "codename": "change_customer"}}, {"model": "auth.permission", "pk": 31, "fields": {"name": "Can delete customer", "content_type": 8, "codename": "delete_customer"}}, {"model": "auth.permission", "pk": 32, "fields": {"name": "Can view customer", "content_type": 8, "codename": "view_customer"}}, {"model": "auth.permission", "pk": 33, "fields": {"name": "Can add order", "content_type": 9, "codename": "add_order"}}, {"model": "auth.permission", "pk": 34, "fields": {"name": "Can change order", "content_type": 9, "codename": "change_order"}}, {"model": "auth.permission", "pk": 35, "fields": {"name": "Can delete order", "content_type": 9, "codename": "delete_order"}}, {"model": "auth.permission", "pk": 36, "fields": {"name": "Can view order", "content_type": 9, "codename": "view_order"}}, {"model": "auth.permission", "pk": 37, "fields": {"name": "Can add product", "content_type": 10, "codename": "add_product"}}, {"model": "auth.permission", "pk": 38, "fields": {"name": "Can change product", "content_type": 10, "codename": "change_product"}}, {"model": "auth.permission", "pk": 39, "fields": {"name": "Can delete product", "content_type": 10, "codename": "delete_product"}}, {"model": "auth.permission", "pk": 40, "fields": {"name": "Can view product", "content_type": 10, "codename": "view_product"}}, {"model": "auth.permission", "pk": 41, "fields": {"name": "Can add order item", "content_type": 11, "codename": "add_orderitem"}}, {"model": "auth.permission", "pk": 42, "fields": {"name": "Can change order item", "content_type": 11, "codename": "change_orderitem"}}, {"model": "auth.permission", "pk": 43, "fields": {"name": "Can delete order item", "content_type": 11, "codename": "delete_orderitem"}}, {"model": "auth.permission", "pk": 44, "fields": {"name": "Can view order item", "content_type": 11, "codename": "view_orderitem"}}, {"model": "auth.permission", "pk": 45, "fields": {"name": "Can add shipping address", "content_type": 12, "codename": "add_shippingaddress"}}, {"model": "auth.permission", "pk": 46, "fields": {"name": "Can change shipping address", "content_type": 12, "codename": "change_shippingaddress"}}, {"model": "auth.permission", "pk": 47, "fields": {"name": "Can delete shipping address", "content_type": 12, "codename": "delete_shippingaddress"}}, {"model": "auth.permission", "pk": 48, "fields": {"name": "Can view shipping address", "content_type": 12, "codename": "view_shippingaddress"}}, {"model": "auth.permission", "pk": 49, "fields": {"name": "Can add customer message", "content_type": 13, "codename": "add_customermessage"}}, {"model": "auth.permission", "pk": 50, "fields": {"name": "Can change customer message", "content_type": 13, "codename": "change_customermessage"}}, {"model": "auth.permission", "pk": 51, "fields": {"name": "Can delete customer message", "content_type": 13, "codename": "delete_customermessage"}}, {"model": "auth.permission", "pk": 52, "fields": {"name": "Can view customer message", "content_type": 13, "codename": "view_customermessage"}}, {"model": "auth.permission", "pk": 53, "fields": {"name": "Can add subscription", "content_type": 14, "codename": "add_subscription"}}, {"model": "auth.permission", "pk": 54, "fields": {"name": "Can change subscription", "content_type": 14, "codename": "change_subscription"}}, {"model": "auth.permission", "pk": 55, "fields": {"name": "Can delete subscription", "content_type": 14, "codename": "delete_subscription"}}, {"model": "auth.permission", "pk": 56, "fields": {"name": "Can view subscription", "content_type": 14, "codename": "view_subscription"}}, {"model": "auth.permission", "pk": 57, "fields": {"name": "Can add combo", "content_type": 15, "codename": "add_combo"}}, {"model": "auth.permission", "pk": 58, "fields": {"name": "Can change combo", "content_type": 15, "codename": "change_combo"}}, {"model": "auth.permission", "pk": 59, "fields": {"name": "Can delete combo", "content_type": 15, "codename": "delete_combo"}}, {"model": "auth.permission", "pk": 60, "fields": {"name": "Can view combo", "content_type": 15, "codename": "view_combo"}}, {"model": "auth.permission", "pk": 61, "fields": {"name": "Can add combo item", "content_type": 16, "codename": "add_comboitem"}}, {"model": "auth.permission", "pk": 62, "fields": {"name": "Can change combo item", "content_type": 16, "codename": "change_comboitem"}}, {"model": "auth.permission", "pk": 63, "fields": {"name": "Can delete combo item", "content_type": 16, "codename": "delete_comboitem"}}, {"model": "auth.permission", "pk": 64, "fields": {"name": "Can view combo item", "content_type": 16, "codename": "view_comboitem"}}, {"model": "auth.permission", "pk": 65, "fields": {"name": "Can add timetable", "content_type": 17, "codename": "add_timetable"}}, {"model": "auth.permission", "pk": 66, "fields": {"name": "Can change timetable", "content_type": 17, "codename": "change_timetable"}}, {"model": "auth.permission", "pk": 67, "fields": {"name": "Can delete timetable", "content_type": 17, "codename": "delete_timetable"}}, {"model": "auth.permission", "pk": 68, "fields": {"name": "Can view timetable", "content_type": 17, "codename": "view_timetable"}}, {"model": "auth.permission", "pk": 69, "fields": {"name": "Can add weight tracking", "content_type": 18, "codename": "add_weighttracking"}}, {"model": "auth.permission", "pk": 70, "fields": {"name": "Can change weight tracking", "content_type": 18, "codename": "change_weighttracking"}}, {"model": "auth.permission", "pk": 71, "fields": {"name": "Can delete weight tracking", "content_type": 18, "codename": "delete_weighttracking"}}, {"model": "auth.permission", "pk": 72, "fields": {"name": "Can view weight tracking", "content_type": 18, "codename": "view_weighttracking"}}, {"model": "auth.permission", "pk": 73, "fields": {"name": "Can add meal plan", "content_type": 19, "codename": "add_mealplan"}}, {"model": "auth.permission", "pk": 74, "fields": {"name": "Can change meal plan", "content_type": 19, "codename": "change_mealplan"}}, {"model": "auth.permission", "pk": 75, "fields": {"name": "Can delete meal plan", "content_type": 19, "codename": "delete_mealplan"}}, {"model": "auth.permission", "pk": 76, "fields": {"name": "Can view meal plan", "content_type": 19, "codename": "view_mealplan"}}, {"model": "auth.permission", "pk": 77, "fields": {"name": "Can add guest order", "content_type": 20, "codename": "add_guestorder"}}, {"model": "auth.permission", "pk": 78, "fields": {"name": "Can change guest order", "content_type": 20, "codename": "change_guestorder"}}, {"model": "auth.permission", "pk": 79, "fields": {"name": "Can delete guest order", "content_type": 20, "codename": "delete_guestorder"}}, {"model": "auth.permission", "pk": 80, "fields": {"name": "Can view guest order", "content_type": 20, "codename": "view_guestorder"}}, {"model": "auth.user", "pk": 1, "fields": {"password": "pbkdf2_sha256$870000$YdnwFFJ3b8hHt6j77POqJv$kKROAuk784I192A3A+n8nY6xS9YHJvbQXgJI0V1hsa8=", "last_login": "2025-03-21T13:51:32.976Z", "is_superuser": true, "username": "quangvinh", "first_name": "", "last_name": "", "email": "quvinh1305@gmail.com", "is_staff": true, "is_active": true, "date_joined": "2025-03-07T16:38:53.776Z", "groups": [], "user_permissions": [1, 2, 3, 4]}}, {"model": "auth.user", "pk": 2, "fields": {"password": "pbkdf2_sha256$870000$yqnkPa5nAv3fzcLLK6pGSR$fT1OsNMRBJGHPI36+qDYQHHXiOPFLmxHBXfAP4xErjA=", "last_login": "2025-03-21T14:56:28.164Z", "is_superuser": false, "username": "LAVIAI", "first_name": "LA", "last_name": "VI AI", "email": "quvinh1305@gmail.com", "is_staff": false, "is_active": true, "date_joined": "2025-03-07T16:41:48.294Z", "groups": [], "user_permissions": []}}, {"model": "auth.user", "pk": 3, "fields": {"password": "pbkdf2_sha256$870000$tGjHC9lvgHJIFIvcvxF5xf$IanV0aiYFIo16kNvGyWPl3m8uu5VMFWZQGWl/xQ0ppI=", "last_login": "2025-03-08T18:00:03.031Z", "is_superuser": false, "username": "LOVEIS", "first_name": "Love", "last_name": "Is", "email": "quvinh1305@gmail.com", "is_staff": false, "is_active": true, "date_joined": "2025-03-08T17:59:54.999Z", "groups": [], "user_permissions": []}}, {"model": "auth.user", "pk": 4, "fields": {"password": "pbkdf2_sha256$870000$6eOMtyRk6dlmjGaubmNOiF$f6k3SAup9wPh3yAQiwHDGb2cgy6frgZpFHZJk5Wfvy0=", "last_login": null, "is_superuser": false, "username": "TranLaLuot", "first_name": "Tran", "last_name": "Luot", "email": "ndc@gmail.com", "is_staff": false, "is_active": true, "date_joined": "2025-03-09T02:37:43.204Z", "groups": [], "user_permissions": []}}, {"model": "auth.user", "pk": 5, "fields": {"password": "pbkdf2_sha256$870000$4Xq39518vyVbVAifkyA2cp$zouicTK3HmaUMWujPpp8aT2AtV24Cp+GVugjXwvAG1I=", "last_login": null, "is_superuser": false, "username": "HoMinhKhang", "first_name": "Ho", "last_name": "Khang", "email": "24000728@student.datapot.edu.vn", "is_staff": false, "is_active": true, "date_joined": "2025-03-09T02:38:20.225Z", "groups": [], "user_permissions": []}}, {"model": "auth.user", "pk": 6, "fields": {"password": "pbkdf2_sha256$870000$CEU7I2s99Kp49PLiTPQffS$NLpRaVTNg3zcn0xkyk7TWs8ZYFFpq1k/fqCLoZyGxNQ=", "last_login": "2025-03-09T02:59:43.538Z", "is_superuser": false, "username": "Vinh", "first_name": "Tran", "last_name": "Vinh", "email": "vinh243@gmail.com", "is_staff": false, "is_active": true, "date_joined": "2025-03-09T02:41:00.120Z", "groups": [], "user_permissions": []}}, {"model": "auth.user", "pk": 7, "fields": {"password": "pbkdf2_sha256$870000$zVqZkrBoIuILJZZanxVQmr$f2kYOayR64sD9snIoPY5+O1JxX7Ibkhn2rNUZ5Ami2I=", "last_login": "2025-03-09T02:58:33.560Z", "is_superuser": false, "username": "EM", "first_name": "Tran", "last_name": "Luot", "email": "quvinh1305@gmail.com", "is_staff": false, "is_active": true, "date_joined": "2025-03-09T02:58:24.568Z", "groups": [], "user_permissions": []}}, {"model": "auth.user", "pk": 8, "fields": {"password": "pbkdf2_sha256$870000$42O9nPppRHZjr4TUGiIbB6$cQAvUj6zTEub3EPgND9E08iGb9ORJCTJLfSzcbq0h8o=", "last_login": "2025-03-09T04:00:18.962Z", "is_superuser": false, "username": "Thien", "first_name": "Nguyen", "last_name": "Thien", "email": "nguyenthienanh200502@gmail.com", "is_staff": false, "is_active": true, "date_joined": "2025-03-09T03:59:24.200Z", "groups": [], "user_permissions": []}}, {"model": "auth.user", "pk": 9, "fields": {"password": "pbkdf2_sha256$870000$j5QbCumnlSs7czgGrnOtWR$GDwmHJABn3PuveReRm4vD8ZaeIKFloSOzsXqK+rms24=", "last_login": "2025-03-09T11:45:55.340Z", "is_superuser": false, "username": "THANH", "first_name": "Phuc", "last_name": "Thanh", "email": "thanh@gmail.com", "is_staff": false, "is_active": true, "date_joined": "2025-03-09T11:45:44.070Z", "groups": [], "user_permissions": []}}, {"model": "auth.user", "pk": 10, "fields": {"password": "pbkdf2_sha256$870000$vaqRrWlpN2V2Rqd1rPifhP$L85w87dBY8TjD0dp4v22VtJMEFFeMg7MqHtZoBdEL2w=", "last_login": "2025-03-09T11:52:05.545Z", "is_superuser": false, "username": "QUAN", "first_name": "Quan", "last_name": "Quan", "email": "quan@gmail.com", "is_staff": false, "is_active": true, "date_joined": "2025-03-09T11:51:59.606Z", "groups": [], "user_permissions": []}}, {"model": "auth.user", "pk": 12, "fields": {"password": "pbkdf2_sha256$870000$ehfgbZhgGoHGJcTNsXrJGy$kpnGqMs5kepiL06LypkH0bBFtUpJ0CGSaRjYvwDVbL8=", "last_login": null, "is_superuser": false, "username": "testuser", "first_name": "", "last_name": "", "email": "", "is_staff": false, "is_active": true, "date_joined": "2025-03-09T11:59:16.571Z", "groups": [], "user_permissions": []}}, {"model": "auth.user", "pk": 13, "fields": {"password": "pbkdf2_sha256$870000$ujQSQsWFmPkHDwyo98PWvL$33eAolQjk2Z9MFMSazbBRJOev3v4nncXaxOs1AA5/wg=", "last_login": "2025-03-09T12:06:38.543Z", "is_superuser": false, "username": "Nhan", "first_name": "Ngo", "last_name": "Tung Nhan", "email": "nhan24888@gmail.com", "is_staff": false, "is_active": true, "date_joined": "2025-03-09T12:06:33.227Z", "groups": [], "user_permissions": []}}, {"model": "auth.user", "pk": 14, "fields": {"password": "pbkdf2_sha256$870000$Myc3A1CwCwMbfFVMjfCDew$pitL/tSrpze3YGdfVbhOcaCBNwkTE4M3GG/TEO3LCiI=", "last_login": "2025-03-10T02:51:47.234Z", "is_superuser": false, "username": "THINH", "first_name": "Ngo", "last_name": "Thinh", "email": "thinh@gmail.com", "is_staff": false, "is_active": true, "date_joined": "2025-03-10T02:51:40.835Z", "groups": [], "user_permissions": []}}, {"model": "auth.user", "pk": 15, "fields": {"password": "pbkdf2_sha256$870000$w57GGMSFmUZuEfeSET2sKi$lVoOuAODaEyF8Z33HeyAzxXE7WGcbNNR3LWCHx+vLhE=", "last_login": "2025-03-10T07:02:27.912Z", "is_superuser": false, "username": "LAVIEM", "first_name": "Quang", "last_name": "Vinh", "email": "quvinh1305@gmail.com", "is_staff": false, "is_active": true, "date_joined": "2025-03-10T07:02:20.673Z", "groups": [], "user_permissions": []}}, {"model": "auth.user", "pk": 16, "fields": {"password": "pbkdf2_sha256$870000$K1PRu9bVz1NvnfUbpIukKz$1kYs4A3zKwB4fTMTrXHeivTNREPf6b7m7pJC5CYVvWk=", "last_login": "2025-03-10T07:05:15.627Z", "is_superuser": false, "username": "LAVIAA", "first_name": "Vinh", "last_name": "Quang", "email": "quvinh1305@gmail.com", "is_staff": false, "is_active": true, "date_joined": "2025-03-10T07:05:09.168Z", "groups": [], "user_permissions": []}}, {"model": "auth.user", "pk": 17, "fields": {"password": "pbkdf2_sha256$870000$EmelqwSI7zz9M1MSwneGrx$2eogGZo/RpL6FdIs69Gel5Xu7RdgqWhrEkuz8Gl15kY=", "last_login": "2025-03-10T07:13:34.269Z", "is_superuser": false, "username": "MCK", "first_name": "Anh", "last_name": "Long", "email": "quvinh1305@gmail.com", "is_staff": false, "is_active": true, "date_joined": "2025-03-10T07:13:26.814Z", "groups": [], "user_permissions": []}}, {"model": "auth.user", "pk": 18, "fields": {"password": "pbkdf2_sha256$870000$QMyG09BX2NzTKp4OQAQxkn$37Yr2XrlfCpRugnyYRIUQJ0yTjxLZWeUMitjQtkFLlc=", "last_login": "2025-03-11T16:53:42.104Z", "is_superuser": false, "username": "DOIMUOI", "first_name": "Doi", "last_name": "Muoi", "email": "quvinh1305@gmail.com", "is_staff": false, "is_active": true, "date_joined": "2025-03-10T12:48:27.452Z", "groups": [], "user_permissions": []}}, {"model": "auth.user", "pk": 19, "fields": {"password": "pbkdf2_sha256$870000$0GIyXqAqvGdqOoZViODynw$YkJaiuKe0lb6UTbzFjLkT4JEHUvqCSgeFqgxKN1M5Y8=", "last_login": "2025-03-15T11:07:17.603Z", "is_superuser": false, "username": "LK27", "first_name": "Le", "last_name": "Khanh", "email": "quockhanh27012005@gmail.com", "is_staff": false, "is_active": true, "date_joined": "2025-03-15T10:59:00.505Z", "groups": [], "user_permissions": []}}, {"model": "contenttypes.contenttype", "pk": 1, "fields": {"app_label": "admin", "model": "logentry"}}, {"model": "contenttypes.contenttype", "pk": 2, "fields": {"app_label": "auth", "model": "permission"}}, {"model": "contenttypes.contenttype", "pk": 3, "fields": {"app_label": "auth", "model": "group"}}, {"model": "contenttypes.contenttype", "pk": 4, "fields": {"app_label": "auth", "model": "user"}}, {"model": "contenttypes.contenttype", "pk": 5, "fields": {"app_label": "contenttypes", "model": "contenttype"}}, {"model": "contenttypes.contenttype", "pk": 6, "fields": {"app_label": "sessions", "model": "session"}}, {"model": "contenttypes.contenttype", "pk": 7, "fields": {"app_label": "app", "model": "category"}}, {"model": "contenttypes.contenttype", "pk": 8, "fields": {"app_label": "app", "model": "customer"}}, {"model": "contenttypes.contenttype", "pk": 9, "fields": {"app_label": "app", "model": "order"}}, {"model": "contenttypes.contenttype", "pk": 10, "fields": {"app_label": "app", "model": "product"}}, {"model": "contenttypes.contenttype", "pk": 11, "fields": {"app_label": "app", "model": "orderitem"}}, {"model": "contenttypes.contenttype", "pk": 12, "fields": {"app_label": "app", "model": "shippingaddress"}}, {"model": "contenttypes.contenttype", "pk": 13, "fields": {"app_label": "app", "model": "customermessage"}}, {"model": "contenttypes.contenttype", "pk": 14, "fields": {"app_label": "app", "model": "subscription"}}, {"model": "contenttypes.contenttype", "pk": 15, "fields": {"app_label": "app", "model": "combo"}}, {"model": "contenttypes.contenttype", "pk": 16, "fields": {"app_label": "app", "model": "comboitem"}}, {"model": "contenttypes.contenttype", "pk": 17, "fields": {"app_label": "app", "model": "timetable"}}, {"model": "contenttypes.contenttype", "pk": 18, "fields": {"app_label": "app", "model": "weighttracking"}}, {"model": "contenttypes.contenttype", "pk": 19, "fields": {"app_label": "app", "model": "mealplan"}}, {"model": "contenttypes.contenttype", "pk": 20, "fields": {"app_label": "app", "model": "guestorder"}}, {"model": "sessions.session", "pk": "dmmjuo2t8nz0j10fz8rfqzcix0ae767a", "fields": {"session_data": ".eJxVjEsOwjAMBe-SNYpip2lrluw5Q2THCS2gVOpnhbg7VOoCtm9m3stE3tYhbkue46jmbKAzp99ROD1y3Yneud4mm6a6zqPYXbEHXex10vy8HO7fwcDL8K2lcdyqtB273rUhIKIWLAFKDwEhQ-4oex8oIQkyeUgFGnUqRCrem_cH8nk3nA:1trXKQ:daVp9rHHIibeWZGq6yEbVyLrLKAi2SGLDwiYY1p2y2g", "expire_date": "2025-03-24T07:13:34.270Z"}}, {"model": "sessions.session", "pk": "j1gygagu3a86azwt1q01qa0oc99lstmk", "fields": {"session_data": ".eJyrVkpOLCrxLEnNLVayMjTRAXOVrKqVjEBEQVF-SmlySXxmipKVkY5SYWliXklmSSVQpUGtjpKRKYYaU2RFJrVARemlqcUl8flFKalFYCXGBrUAmV8mNw:1tsDAk:WU1g_iX0jQQ6H_MT2wk-ZqslUGBjKeiclBw29H_KN6Q", "expire_date": "2025-03-26T03:54:22.574Z"}}, {"model": "sessions.session", "pk": "mn7hmzcjhhavi0ril7ur7zegegj4ww3y", "fields": {"session_data": ".eJxlzD1uwzAMBeC7cDYMS5ZLxWO3Dj2DQYl07CS1Wv0MQeC7Jw48NMhCgO995A08xfyV5SdBj9Vzg_4Gahu_MXDxeZgZelXBX6Elz_kKfbdWoMwbMf-NXh_oWCTlIUSW-CTaVjBQydNQ0h6BhpfMkT_LshV8ouUYah-WHGdXb6Te21R_B5bL525fHkyUpsc1WsVNY0blVCNiHWrDFkU6doKOR4ujddpz03Ydt2iNFmrJHghRMR8-YL0D8ZZdUw:1trvRN:rPjbug-NNnw4i8pdhOvguxOFV_EAU2jnFCcWaAWM-GM", "expire_date": "2025-03-25T08:58:21.895Z"}}, {"model": "sessions.session", "pk": "qecefsblz20px4m3zhcl6eosbgh3rob6", "fields": {"session_data": ".eJxVjDsOwjAQBe_iGln-JjElPWew1utdHEC2FCcV4u4QKQW0b2beS0TY1hK3TkucszgLLU6_WwJ8UN1BvkO9NYmtrsuc5K7Ig3Z5bZmel8P9OyjQy7fm4LQzSlG23iXi0Y1BgdFsk7WGQbMnpYY0YdY4gOIcMDAlM7FHZ1G8P90NOFM:1trUnQ:wkPvN7XjTzAfDivh_n3_mQjhui8zNWOlUsltjdGU4ck", "expire_date": "2025-03-24T04:31:20.357Z"}}, {"model": "app.customer", "pk": 1, "fields": {"user": 2, "name": null, "customer_image": "Profile/2a6c5d27923da3efaa0ca829189da35e.jpg", "points": 63}}, {"model": "app.customer", "pk": 2, "fields": {"user": 3, "name": null, "customer_image": "Profile/bluetooth-128.webp", "points": 0}}, {"model": "app.customer", "pk": 3, "fields": {"user": 6, "name": null, "customer_image": "Profile/absolute-cinema-v0-9cfltc286izd1_QXmqy5j.jpeg.webp", "points": 0}}, {"model": "app.customer", "pk": 4, "fields": {"user": 7, "name": null, "customer_image": "", "points": 0}}, {"model": "app.customer", "pk": 5, "fields": {"user": 8, "name": null, "customer_image": "Profile/absolute-cinema-v0-9cfltc286izd1_7p5UYQa.jpeg.webp", "points": 0}}, {"model": "app.customer", "pk": 6, "fields": {"user": 1, "name": "quangvinh", "customer_image": "", "points": 0}}, {"model": "app.customer", "pk": 7, "fields": {"user": 4, "name": "Tran Luot", "customer_image": "", "points": 0}}, {"model": "app.customer", "pk": 8, "fields": {"user": 5, "name": "Ho Khang", "customer_image": "", "points": 0}}, {"model": "app.customer", "pk": 10, "fields": {"user": 12, "name": "testuser", "customer_image": "", "points": 0}}, {"model": "app.customer", "pk": 11, "fields": {"user": 10, "name": "QUAN", "customer_image": "", "points": 0}}, {"model": "app.customer", "pk": 12, "fields": {"user": 13, "name": "Nhan", "customer_image": "", "points": 6}}, {"model": "app.customer", "pk": 13, "fields": {"user": 14, "name": "THINH", "customer_image": "", "points": 3}}, {"model": "app.customer", "pk": 14, "fields": {"user": 15, "name": "LAVIEM", "customer_image": "", "points": 0}}, {"model": "app.customer", "pk": 15, "fields": {"user": 16, "name": "LAVIAA", "customer_image": "Profile/absolute-cinema-v0-9cfltc286izd1_01sazH9.jpeg.webp", "points": 6}}, {"model": "app.customer", "pk": 16, "fields": {"user": 17, "name": "MCK", "customer_image": "", "points": 0}}, {"model": "app.customer", "pk": 17, "fields": {"user": 18, "name": "DOIMUOI", "customer_image": "", "points": 11}}, {"model": "app.customer", "pk": 18, "fields": {"user": 19, "name": "LK27", "customer_image": "", "points": 12}}, {"model": "app.category", "pk": 1, "fields": {"sub_category": null, "is_sub": false, "name": "Salad", "slug": "Salad", "description": "Fresh, nutritious, varied, healthy, delicious."}}, {"model": "app.category", "pk": 2, "fields": {"sub_category": null, "is_sub": false, "name": "Protein", "slug": "Protein", "description": "Nourish,Build Muscle,Stay Full,Energy,Recovery"}}, {"model": "app.category", "pk": 3, "fields": {"sub_category": null, "is_sub": false, "name": "Healthy Carbs", "slug": "Carbs", "description": "Grains, Sweet Potato, Whole Wheat"}}, {"model": "app.category", "pk": 4, "fields": {"sub_category": null, "is_sub": false, "name": "Healthy Snacks", "slug": "Snacks", "description": "Health is wealth."}}, {"model": "app.category", "pk": 5, "fields": {"sub_category": null, "is_sub": false, "name": "Drinks", "slug": "Drinks", "description": "Refreshing, Nutritious, Vitamin-Rich, Low Calorie, Refreshing"}}, {"model": "app.category", "pk": 6, "fields": {"sub_category": null, "is_sub": false, "name": "Main Dishes & Hot Meals", "slug": "Meals", "description": "Main courses and hot dishes are the centerpiece of most meals, providing satisfaction and nutrition."}}, {"model": "app.category", "pk": 7, "fields": {"sub_category": null, "is_sub": false, "name": "Plant-Based & Detox", "slug": "Detox", "description": "Plant-Based Diets and Cleanses"}}, {"model": "app.product", "pk": 1, "fields": {"name": "Chicken breast salad", "image": "products/307648d9c1d942a559f998952132156c.jpg", "detail": "Chicken breast salad with roasted sesame sauce", "description": "Chicken breast salad is a refreshing, nutritious dish that is very popular with healthy food lovers. This salad is a harmonious combination of tender and sweet chicken breast, fresh green vegetables and rich dressing.", "price": 10.0, "digital": true, "calories": 76, "protein": 50.0, "carbs": 35.0, "fat": 33.0, "sale": true, "discount_percentage": 5.0, "sale_price": 0.0, "category": [1]}}, {"model": "app.product", "pk": 2, "fields": {"name": "Tuna salad", "image": "products/7a29eb246643a54f0bea758c6df7dbaa.jpg", "detail": "Tuna salad with olive oil", "description": "Tuna Salad with Olive Oil is a light, nutritious and easy dish to make. This salad is a harmonious combination of sweet and tender tuna, fresh green vegetables and fragrant olive oil.", "price": 12.0, "digital": false, "calories": 77, "protein": 35.0, "carbs": 22.0, "fat": 22.0, "sale": false, "discount_percentage": 0.0, "sale_price": 0.0, "category": [1]}}, {"model": "app.product", "pk": 3, "fields": {"name": "Egg and avocado salad", "image": "products/686afae3df2f2d5037bfd6b58526d788.jpg", "detail": "The perfect combination of eggs and salad", "description": "Avocado egg salad is a refreshing, nutritious and easy to prepare dish. This salad is a wonderful combination of the richness of avocado, the richness of eggs and the freshness of green vegetables.", "price": 8.0, "digital": false, "calories": 81, "protein": 32.5, "carbs": 27.2, "fat": 22.0, "sale": false, "discount_percentage": 0.0, "sale_price": 0.0, "category": [1]}}, {"model": "app.product", "pk": 4, "fields": {"name": "Quinoa & Vegetable salad", "image": "products/682bddfa23f57ec23b8aec2bfa9da75d.jpg", "detail": "Dishes with harmonious combination", "description": "Quinoa & Vegetable Salad is a light, nutritious dish that is perfect for vegetarians, dieters or those looking for a healthy meal. This salad is a great combination of protein-rich quinoa, fresh vegetables and a flavorful dressing.", "price": 9.0, "digital": true, "calories": 81, "protein": 34.7, "carbs": 30.02, "fat": 22.0, "sale": false, "discount_percentage": 0.0, "sale_price": 0.0, "category": [1]}}, {"model": "app.product", "pk": 5, "fields": {"name": "Seaweed & Tofu salad", "image": "products/c6fc4cea9b40ed8e569211ef5385ab2e.jpg", "detail": "In the top favorite dishes", "description": "Seaweed & Tofu Salad is a refreshing, nutritious dish that is perfect for vegetarians, dieters or those looking for a healthy meal. This salad is a wonderful combination of mineral-rich seaweed, soft tofu and fresh vegetables.", "price": 7.0, "digital": true, "calories": 86, "protein": 44.0, "carbs": 35.0, "fat": 21.0, "sale": true, "discount_percentage": 2.0, "sale_price": 0.0, "category": [1]}}, {"model": "app.product", "pk": 6, "fields": {"name": "Pan-fried beef salad", "image": "products/c1a44c58362c324d733f884158ae2a6a.jpg", "detail": "Grilled beef salad & passion fruit sauce", "description": "Grilled beef salad with passion fruit sauce is a dish that harmoniously combines the sweet aroma of grilled beef, the fresh sweet and sour taste of passion fruit sauce and the freshness of green vegetables.", "price": 14.0, "digital": true, "calories": 88, "protein": 41.3, "carbs": 45.0, "fat": 44.55, "sale": true, "discount_percentage": 5.0, "sale_price": 0.0, "category": [1]}}, {"model": "app.product", "pk": 7, "fields": {"name": "Chickpea salad", "image": "products/835fc6cc9384d2c365a76ed2189d992e.jpg", "detail": "Chickpea salad with rocket", "description": "Chickpea and rocket salad is a refreshing, nutritious and easy to prepare dish. This salad is a great combination of protein-rich chickpeas, mildly spicy rocket and fresh vegetables.", "price": 9.0, "digital": false, "calories": 77, "protein": 44.0, "carbs": 35.0, "fat": 36.0, "sale": false, "discount_percentage": 0.0, "sale_price": 0.0, "category": [1]}}, {"model": "app.product", "pk": 8, "fields": {"name": "Honey & Chia Seed Grilled Chicken Breast", "image": "products/5756fb18593b26f27447d49c839ba335.jpg", "detail": "Honey Baked Chicken Breast with Chia Seeds", "description": "Honey Baked Chicken Breast with Chia Seeds is a delicious, nutritious and easy to prepare dish. This dish is a wonderful combination of tender and sweet chicken breast, fragrant honey and nutritious chia seeds.", "price": 17.0, "digital": true, "calories": 154, "protein": 100.0, "carbs": 0.0, "fat": 46.0, "sale": true, "discount_percentage": 5.0, "sale_price": 0.0, "category": [2]}}, {"model": "app.product", "pk": 9, "fields": {"name": "Pan-fried salmon with lemon sauce", "image": "products/2c68249f39f0f77b962bddc3a93272df.jpg", "detail": "Pan-fried Salmon with Lemon Sauce is an elegant", "description": "Pan-fried Salmon with Lemon Sauce is an elegant, delicious and nutritious dish. This dish is the perfect combination of tender, juicy salmon, crispy skin and refreshing lemon sauce.", "price": 18.0, "digital": false, "calories": 135, "protein": 111.01, "carbs": 0.0, "fat": 67.0, "sale": false, "discount_percentage": 0.0, "sale_price": 0.0, "category": [2]}}, {"model": "app.product", "pk": 10, "fields": {"name": "Grilled mackerel with black pepper sauce", "image": "products/b6bebbdc8ccf53961ce900db3cf54c94.jpg", "detail": "Grilled Mackerel with Black Pepper Sauce is a delicious", "description": "Grilled Mackerel with Black Pepper Sauce is a delicious, flavorful and easy to prepare dish. This dish is the perfect combination of fresh mackerel, crispy skin and spicy black pepper sauce.", "price": 21.0, "digital": false, "calories": 127, "protein": 107.5, "carbs": 0.0, "fat": 87.0, "sale": false, "discount_percentage": 0.0, "sale_price": 0.0, "category": [2]}}, {"model": "app.product", "pk": 11, "fields": {"name": "Steamed Shrimp with Ginger & Lemongrass", "image": "products/ea40832dea163262c68deae70b85b050.jpg", "detail": "Shrimp is low in calories but high in protein!", "description": "Steamed shrimp infused with ginger and lemongrass aroma.", "price": 22.0, "digital": false, "calories": 220, "protein": 35.0, "carbs": 2.0, "fat": 6.0, "sale": true, "discount_percentage": 5.0, "sale_price": 0.0, "category": [2]}}, {"model": "app.product", "pk": 12, "fields": {"name": "Brown Rice & Quinoa Mix", "image": "products/1aea00eaec64106da06f1979ea7659d3.jpg", "detail": "Brown rice retains more fiber than white rice!", "description": "A nourishing mix of brown rice and protein-rich quinoa.", "price": 21.0, "digital": true, "calories": 250, "protein": 9.0, "carbs": 45.0, "fat": 4.0, "sale": false, "discount_percentage": 0.0, "sale_price": 0.0, "category": [3]}}, {"model": "app.product", "pk": 13, "fields": {"name": "Whole Wheat Bread with Peanut Butter", "image": "products/81c336e7069a5886382b7936b4b22bef.jpg", "detail": "Peanut butter provides healthy monounsaturated fats!", "description": "A wholesome combo of fiber-rich bread and natural peanut butter.", "price": 8.0, "digital": false, "calories": 320, "protein": 12.0, "carbs": 40.0, "fat": 15.0, "sale": false, "discount_percentage": 0.0, "sale_price": 0.0, "category": [3]}}, {"model": "app.product", "pk": 14, "fields": {"name": "Overnight Oats with Chia Seeds", "image": "products/ecb898f3d93ec8ffabaf118c642725fc.jpg", "detail": "Chia seeds absorb up to 12x their weight in water!", "description": "A creamy blend of oats, chia seeds, and almond milk.", "price": 12.0, "digital": false, "calories": 280, "protein": 10.0, "carbs": 35.0, "fat": 8.0, "sale": true, "discount_percentage": 10.0, "sale_price": 0.0, "category": [3]}}, {"model": "app.product", "pk": 15, "fields": {"name": "Greek Yogurt with Mixed Nuts", "image": "products/b74366e24ea0627223a3e69c04c535a7.jpg", "detail": "Greek yogurt has twice the protein of regular yogurt!", "description": "A creamy, tangy yogurt topped with crunchy nuts.", "price": 12.0, "digital": false, "calories": 250, "protein": 20.0, "carbs": 12.0, "fat": 10.0, "sale": false, "discount_percentage": 0.0, "sale_price": 0.0, "category": [4]}}, {"model": "app.product", "pk": 16, "fields": {"name": "Roasted Almonds with Himalayan Salt", "image": "products/297dbe4a037260242d7935429aae3054.jpg", "detail": "Almonds are one of the best sources of vitamin E!", "description": "A crunchy, lightly salted snack packed with nutrients.", "price": 9.0, "digital": false, "calories": 180, "protein": 6.0, "carbs": 7.0, "fat": 15.0, "sale": false, "discount_percentage": 0.0, "sale_price": 0.0, "category": [4]}}, {"model": "app.product", "pk": 17, "fields": {"name": "Celery & Pineapple Juice", "image": "products/11e443bd5ff3b0779680a0171ffabc26.jpg", "detail": "Celery is hydrating and great for digestion!", "description": "A refreshing, detoxifying juice packed with vitamins.", "price": 5.0, "digital": true, "calories": 90, "protein": 1.0, "carbs": 22.0, "fat": 0.0, "sale": true, "discount_percentage": 3.0, "sale_price": 0.0, "category": [5]}}, {"model": "app.product", "pk": 18, "fields": {"name": "Almond Milk", "image": "products/56a22cf227b7094a91d98fb6e75040d7.jpg", "detail": "Matcha contains powerful antioxidants called catechins!", "description": "A smooth, slightly bitter matcha latte with almond milk.", "price": 5.0, "digital": false, "calories": 120, "protein": 3.0, "carbs": 12.0, "fat": 5.0, "sale": false, "discount_percentage": 0.0, "sale_price": 0.0, "category": [5]}}, {"model": "app.product", "pk": 19, "fields": {"name": "Udon Noodles with Miso & Mushrooms", "image": "products/ad8623d1c0434f281a8dec1392144d1a.jpg", "detail": "Miso is rich in probiotics that support gut health!", "description": "A savory and umami-packed miso noodle soup.", "price": 23.0, "digital": true, "calories": 350, "protein": 12.0, "carbs": 55.0, "fat": 8.0, "sale": false, "discount_percentage": 0.0, "sale_price": 0.0, "category": [6]}}, {"model": "app.product", "pk": 20, "fields": {"name": "Lean Beef Steak with Green Pepper Sauce", "image": "products/d5c2a2a021c3bf0a735ec739c1389cd7.jpg", "detail": "Lean beef is one of the best sources of iron!", "description": "Juicy steak with a light, peppery sauce.", "price": 25.0, "digital": false, "calories": 380, "protein": 45.0, "carbs": 5.0, "fat": 18.0, "sale": false, "discount_percentage": 0.0, "sale_price": 0.0, "category": [6]}}, {"model": "app.product", "pk": 21, "fields": {"name": "Brown Rice & Seaweed Rolls", "image": "products/60d5481b8ddcdec7ea60a9a5fe9e27ab_NzHQe5R.jpg", "detail": "Seaweed is rich in iodine, essential for thyroid function!", "description": "Sushi-style brown rice rolls filled with fresh veggies.", "price": 15.0, "digital": false, "calories": 260, "protein": 8.0, "carbs": 50.0, "fat": 4.0, "sale": true, "discount_percentage": 10.0, "sale_price": 0.0, "category": [7]}}, {"model": "app.product", "pk": 22, "fields": {"name": "Pumpkin & Cashew Soup", "image": "products/d8fbee5a1aaf36dada460ad7055eb925.jpg", "detail": "Pumpkin is packed with beta-carotene for eye health!", "description": "A creamy, naturally sweet pumpkin soup with cashew.", "price": 11.0, "digital": false, "calories": 220, "protein": 7.0, "carbs": 30.0, "fat": 8.0, "sale": false, "discount_percentage": 0.0, "sale_price": 0.0, "category": [7]}}, {"model": "app.product", "pk": 23, "fields": {"name": "Pepsi Zero", "image": "products/pepsi_3DVgvTq.jpg", "detail": "Pepsi with zero calories", "description": "Pepsi Zero Calorie, also known as Pepsi Zero Calorie, is a sugar-free carbonated soft drink produced by PepsiCo. It is designed to provide the same cola taste as regular Pepsi, but without the calories.", "price": 3.0, "digital": false, "calories": 0, "protein": 0.0, "carbs": 0.0, "fat": 0.0, "sale": false, "discount_percentage": 0.0, "sale_price": 0.0, "category": [5]}}, {"model": "app.product", "pk": 24, "fields": {"name": "Coca Zero", "image": "products/16ef3529e52f9625156aedeeab6c1e10_UBRa6Q9.jpg", "detail": "Coca with zero calorie", "description": "Coca-Cola Zero, also known as Coca-Cola Sugar Free, is a sugar-free carbonated soft drink produced by The Coca-Cola Company. It is designed to provide the same cola taste as Coca-Cola Classic, but without the calories.", "price": 3.0, "digital": false, "calories": 0, "protein": 0.0, "carbs": 0.0, "fat": 0.0, "sale": false, "discount_percentage": 0.0, "sale_price": 0.0, "category": [5]}}, {"model": "app.product", "pk": 25, "fields": {"name": "Boiled Eggs", "image": "products/96ee1b4d05fa9c322144c0d11443c692.jpg", "detail": "Light for a snack", "description": "Boiled eggs are a simple, nutritious and popular dish all over the world.", "price": 1.0, "digital": true, "calories": 70, "protein": 6.3, "carbs": 0.0, "fat": 5.0, "sale": false, "discount_percentage": 0.0, "sale_price": 0.0, "category": [4]}}, {"model": "app.product", "pk": 26, "fields": {"name": "Apple", "image": "products/4ade3729109e48e14e0e3126f49df099.jpg", "detail": "Fruits with high nutritional value", "description": "Apples are a popular and nutritious fruit, widely grown around the world.", "price": 1.0, "digital": true, "calories": 52, "protein": 0.3, "carbs": 0.0, "fat": 0.2, "sale": false, "discount_percentage": 0.0, "sale_price": 0.0, "category": [7]}}, {"model": "app.product", "pk": 27, "fields": {"name": "Banana", "image": "products/e3db42c2582c7456a6d925d84f3770b7.jpg", "detail": "1 type of tree that is extremely easy to eat", "description": "Bananas are a popular tropical fruit, known for their sweet taste, soft texture, and high nutritional value.", "price": 1.0, "digital": false, "calories": 89, "protein": 1.1, "carbs": 0.0, "fat": 0.3, "sale": true, "discount_percentage": 5.0, "sale_price": 0.0, "category": [7]}}, {"model": "app.combo", "pk": 1, "fields": {"name": "Combo 1", "image": "products/to_nh_combo1_cho_web_healthy_food.jpeg", "detail": "Super economical combo!!!", "description": "", "discount_percentage": 15.0}}, {"model": "app.combo", "pk": 2, "fields": {"name": "Combo 2", "image": "products/to_nh_combo2_cho_web_healthy_food_1.jpeg", "detail": "Favorite combo", "description": "", "discount_percentage": 10.0}}, {"model": "app.combo", "pk": 3, "fields": {"name": "Combo 3", "image": "products/to_nh_combo2_cho_web_healthy_food_2.jpeg", "detail": "Combo with high nutritional quality.", "description": "", "discount_percentage": 10.0}}, {"model": "app.comboitem", "pk": 1, "fields": {"combo": 1, "product": 3, "quantity": 1}}, {"model": "app.comboitem", "pk": 2, "fields": {"combo": 1, "product": 10, "quantity": 1}}, {"model": "app.comboitem", "pk": 3, "fields": {"combo": 1, "product": 26, "quantity": 1}}, {"model": "app.comboitem", "pk": 4, "fields": {"combo": 2, "product": 4, "quantity": 1}}, {"model": "app.comboitem", "pk": 5, "fields": {"combo": 2, "product": 23, "quantity": 1}}, {"model": "app.comboitem", "pk": 6, "fields": {"combo": 2, "product": 11, "quantity": 1}}, {"model": "app.comboitem", "pk": 7, "fields": {"combo": 3, "product": 5, "quantity": 1}}, {"model": "app.comboitem", "pk": 8, "fields": {"combo": 3, "product": 24, "quantity": 1}}, {"model": "app.comboitem", "pk": 9, "fields": {"combo": 3, "product": 9, "quantity": 1}}, {"model": "app.comboitem", "pk": 10, "fields": {"combo": 3, "product": 13, "quantity": 1}}, {"model": "app.order", "pk": 1, "fields": {"customer": 1, "date_order": "2025-03-07T17:19:12.275Z", "complete": true, "transaction_id": "MANUAL_1", "payment_method": "vnpay", "is_paid": true, "used_reward": false, "is_scheduled": false}}, {"model": "app.order", "pk": 2, "fields": {"customer": 1, "date_order": "2025-03-08T14:32:58.725Z", "complete": true, "transaction_id": "MANUAL_2", "payment_method": "momo", "is_paid": false, "used_reward": false, "is_scheduled": false}}, {"model": "app.order", "pk": 3, "fields": {"customer": 1, "date_order": "2025-03-08T14:41:34.293Z", "complete": true, "transaction_id": "MANUAL_3", "payment_method": "momo", "is_paid": true, "used_reward": false, "is_scheduled": false}}, {"model": "app.order", "pk": 4, "fields": {"customer": 1, "date_order": "2025-03-08T15:33:34.739Z", "complete": true, "transaction_id": "MANUAL_4", "payment_method": "vnpay", "is_paid": false, "used_reward": false, "is_scheduled": false}}, {"model": "app.order", "pk": 5, "fields": {"customer": 2, "date_order": "2025-03-08T18:30:06.944Z", "complete": false, "transaction_id": null, "payment_method": null, "is_paid": false, "used_reward": false, "is_scheduled": false}}, {"model": "app.order", "pk": 6, "fields": {"customer": 1, "date_order": "2025-03-08T19:25:34.505Z", "complete": true, "transaction_id": "MANUAL_6", "payment_method": "momo", "is_paid": false, "used_reward": false, "is_scheduled": false}}, {"model": "app.order", "pk": 7, "fields": {"customer": 1, "date_order": "2025-03-08T19:37:09.167Z", "complete": true, "transaction_id": "MANUAL_7", "payment_method": "vnpay", "is_paid": false, "used_reward": true, "is_scheduled": false}}, {"model": "app.order", "pk": 8, "fields": {"customer": 1, "date_order": "2025-03-08T19:48:50.016Z", "complete": true, "transaction_id": "MANUAL_8", "payment_method": "momo", "is_paid": true, "used_reward": false, "is_scheduled": false}}, {"model": "app.order", "pk": 9, "fields": {"customer": 1, "date_order": "2025-03-09T01:40:02.662Z", "complete": true, "transaction_id": "MANUAL_9", "payment_method": "momo", "is_paid": false, "used_reward": false, "is_scheduled": true}}, {"model": "app.order", "pk": 10, "fields": {"customer": 1, "date_order": "2025-03-09T01:43:12.584Z", "complete": true, "transaction_id": "MANUAL_10", "payment_method": "momo", "is_paid": false, "used_reward": false, "is_scheduled": false}}, {"model": "app.order", "pk": 11, "fields": {"customer": 3, "date_order": "2025-03-09T02:41:38.270Z", "complete": true, "transaction_id": "MANUAL_11", "payment_method": "momo", "is_paid": false, "used_reward": false, "is_scheduled": false}}, {"model": "app.order", "pk": 12, "fields": {"customer": 3, "date_order": "2025-03-09T02:45:39.657Z", "complete": true, "transaction_id": "MANUAL_12", "payment_method": "cash", "is_paid": true, "used_reward": false, "is_scheduled": false}}, {"model": "app.order", "pk": 13, "fields": {"customer": 3, "date_order": "2025-03-09T02:50:04.732Z", "complete": false, "transaction_id": null, "payment_method": null, "is_paid": false, "used_reward": false, "is_scheduled": false}}, {"model": "app.order", "pk": 14, "fields": {"customer": 5, "date_order": "2025-03-09T04:00:29.208Z", "complete": true, "transaction_id": "MANUAL_14", "payment_method": "vnpay", "is_paid": false, "used_reward": false, "is_scheduled": false}}, {"model": "app.order", "pk": 15, "fields": {"customer": 5, "date_order": "2025-03-09T04:04:50.786Z", "complete": true, "transaction_id": "MANUAL_15", "payment_method": "vnpay", "is_paid": true, "used_reward": false, "is_scheduled": false}}, {"model": "app.order", "pk": 16, "fields": {"customer": 5, "date_order": "2025-03-09T04:10:56.831Z", "complete": true, "transaction_id": "MANUAL_16", "payment_method": "momo", "is_paid": false, "used_reward": false, "is_scheduled": false}}, {"model": "app.order", "pk": 17, "fields": {"customer": 5, "date_order": "2025-03-09T04:12:18.126Z", "complete": true, "transaction_id": "MANUAL_17", "payment_method": "momo", "is_paid": false, "used_reward": true, "is_scheduled": false}}, {"model": "app.order", "pk": 18, "fields": {"customer": 5, "date_order": "2025-03-09T04:17:14.974Z", "complete": false, "transaction_id": null, "payment_method": null, "is_paid": false, "used_reward": false, "is_scheduled": false}}, {"model": "app.order", "pk": 19, "fields": {"customer": 1, "date_order": "2025-03-09T11:32:23.327Z", "complete": true, "transaction_id": "MANUAL_19", "payment_method": "bank", "is_paid": true, "used_reward": false, "is_scheduled": false}}, {"model": "app.order", "pk": 20, "fields": {"customer": 11, "date_order": "2025-03-09T12:04:52.451Z", "complete": false, "transaction_id": null, "payment_method": null, "is_paid": false, "used_reward": false, "is_scheduled": false}}, {"model": "app.order", "pk": 21, "fields": {"customer": 12, "date_order": "2025-03-10T00:19:06.286Z", "complete": true, "transaction_id": "MANUAL_21", "payment_method": "momo", "is_paid": false, "used_reward": false, "is_scheduled": true}}, {"model": "app.order", "pk": 22, "fields": {"customer": 12, "date_order": "2025-03-10T01:03:46.256Z", "complete": true, "transaction_id": "MANUAL_22", "payment_method": "momo", "is_paid": false, "used_reward": false, "is_scheduled": false}}, {"model": "app.order", "pk": 23, "fields": {"customer": 12, "date_order": "2025-03-10T01:24:28.214Z", "complete": false, "transaction_id": null, "payment_method": null, "is_paid": false, "used_reward": false, "is_scheduled": false}}, {"model": "app.order", "pk": 24, "fields": {"customer": 13, "date_order": "2025-03-10T04:30:09.351Z", "complete": true, "transaction_id": "MANUAL_24", "payment_method": "momo", "is_paid": false, "used_reward": false, "is_scheduled": false}}, {"model": "app.order", "pk": 25, "fields": {"customer": 13, "date_order": "2025-03-10T04:38:17.118Z", "complete": true, "transaction_id": "MANUAL_25", "payment_method": "vnpay", "is_paid": false, "used_reward": false, "is_scheduled": false}}, {"model": "app.order", "pk": 26, "fields": {"customer": 13, "date_order": "2025-03-10T04:38:44.441Z", "complete": true, "transaction_id": "MANUAL_26", "payment_method": "bank", "is_paid": false, "used_reward": true, "is_scheduled": false}}, {"model": "app.order", "pk": 27, "fields": {"customer": 14, "date_order": "2025-03-10T07:02:32.796Z", "complete": false, "transaction_id": null, "payment_method": null, "is_paid": false, "used_reward": false, "is_scheduled": false}}, {"model": "app.order", "pk": 28, "fields": {"customer": 15, "date_order": "2025-03-10T07:05:21.081Z", "complete": true, "transaction_id": "MANUAL_28", "payment_method": "momo", "is_paid": true, "used_reward": false, "is_scheduled": false}}, {"model": "app.order", "pk": 29, "fields": {"customer": 15, "date_order": "2025-03-10T07:08:00.035Z", "complete": true, "transaction_id": "MANUAL_29", "payment_method": "bank", "is_paid": true, "used_reward": true, "is_scheduled": false}}, {"model": "app.order", "pk": 30, "fields": {"customer": 15, "date_order": "2025-03-10T07:08:28.673Z", "complete": false, "transaction_id": null, "payment_method": null, "is_paid": false, "used_reward": false, "is_scheduled": false}}, {"model": "app.order", "pk": 31, "fields": {"customer": 16, "date_order": "2025-03-10T07:13:46.938Z", "complete": false, "transaction_id": null, "payment_method": null, "is_paid": false, "used_reward": false, "is_scheduled": false}}, {"model": "app.order", "pk": 32, "fields": {"customer": 1, "date_order": "2025-03-10T11:32:38.903Z", "complete": true, "transaction_id": "MANUAL_32", "payment_method": "bank", "is_paid": true, "used_reward": false, "is_scheduled": false}}, {"model": "app.order", "pk": 33, "fields": {"customer": null, "date_order": "2025-03-10T12:10:19.851Z", "complete": false, "transaction_id": null, "payment_method": null, "is_paid": false, "used_reward": false, "is_scheduled": false}}, {"model": "app.order", "pk": 34, "fields": {"customer": null, "date_order": "2025-03-10T12:16:51.235Z", "complete": false, "transaction_id": null, "payment_method": null, "is_paid": false, "used_reward": false, "is_scheduled": false}}, {"model": "app.order", "pk": 35, "fields": {"customer": null, "date_order": "2025-03-10T12:21:26.953Z", "complete": false, "transaction_id": null, "payment_method": null, "is_paid": false, "used_reward": false, "is_scheduled": false}}, {"model": "app.order", "pk": 36, "fields": {"customer": null, "date_order": "2025-03-10T12:24:42.588Z", "complete": false, "transaction_id": null, "payment_method": null, "is_paid": false, "used_reward": false, "is_scheduled": false}}, {"model": "app.order", "pk": 37, "fields": {"customer": null, "date_order": "2025-03-10T12:25:15.219Z", "complete": false, "transaction_id": null, "payment_method": null, "is_paid": false, "used_reward": false, "is_scheduled": false}}, {"model": "app.order", "pk": 38, "fields": {"customer": null, "date_order": "2025-03-10T12:25:35.624Z", "complete": false, "transaction_id": null, "payment_method": null, "is_paid": false, "used_reward": false, "is_scheduled": false}}, {"model": "app.order", "pk": 39, "fields": {"customer": null, "date_order": "2025-03-10T12:27:39.399Z", "complete": false, "transaction_id": null, "payment_method": null, "is_paid": false, "used_reward": false, "is_scheduled": false}}, {"model": "app.order", "pk": 40, "fields": {"customer": null, "date_order": "2025-03-10T12:27:51.416Z", "complete": false, "transaction_id": null, "payment_method": null, "is_paid": false, "used_reward": false, "is_scheduled": false}}, {"model": "app.order", "pk": 41, "fields": {"customer": null, "date_order": "2025-03-10T12:27:55.899Z", "complete": false, "transaction_id": null, "payment_method": null, "is_paid": false, "used_reward": false, "is_scheduled": false}}, {"model": "app.order", "pk": 42, "fields": {"customer": null, "date_order": "2025-03-10T12:28:02.267Z", "complete": false, "transaction_id": null, "payment_method": null, "is_paid": false, "used_reward": false, "is_scheduled": false}}, {"model": "app.order", "pk": 43, "fields": {"customer": null, "date_order": "2025-03-10T12:28:11.717Z", "complete": true, "transaction_id": "MANUAL_43", "payment_method": "momo", "is_paid": false, "used_reward": false, "is_scheduled": false}}, {"model": "app.order", "pk": 44, "fields": {"customer": null, "date_order": "2025-03-10T12:28:28.609Z", "complete": false, "transaction_id": null, "payment_method": null, "is_paid": false, "used_reward": false, "is_scheduled": false}}, {"model": "app.order", "pk": 45, "fields": {"customer": null, "date_order": "2025-03-10T12:31:13.827Z", "complete": false, "transaction_id": null, "payment_method": null, "is_paid": false, "used_reward": false, "is_scheduled": false}}, {"model": "app.order", "pk": 46, "fields": {"customer": null, "date_order": "2025-03-10T12:31:21.290Z", "complete": false, "transaction_id": null, "payment_method": null, "is_paid": false, "used_reward": false, "is_scheduled": false}}, {"model": "app.order", "pk": 47, "fields": {"customer": null, "date_order": "2025-03-10T12:36:06.444Z", "complete": false, "transaction_id": null, "payment_method": null, "is_paid": false, "used_reward": false, "is_scheduled": false}}, {"model": "app.order", "pk": 48, "fields": {"customer": null, "date_order": "2025-03-10T12:36:19.023Z", "complete": true, "transaction_id": "MANUAL_48", "payment_method": "momo", "is_paid": false, "used_reward": false, "is_scheduled": false}}, {"model": "app.order", "pk": 49, "fields": {"customer": null, "date_order": "2025-03-10T12:36:38.171Z", "complete": false, "transaction_id": null, "payment_method": null, "is_paid": false, "used_reward": false, "is_scheduled": false}}, {"model": "app.order", "pk": 50, "fields": {"customer": null, "date_order": "2025-03-10T12:40:53.025Z", "complete": false, "transaction_id": null, "payment_method": null, "is_paid": false, "used_reward": false, "is_scheduled": false}}, {"model": "app.order", "pk": 51, "fields": {"customer": null, "date_order": "2025-03-10T12:41:04.068Z", "complete": false, "transaction_id": null, "payment_method": null, "is_paid": false, "used_reward": false, "is_scheduled": false}}, {"model": "app.order", "pk": 52, "fields": {"customer": null, "date_order": "2025-03-10T12:41:19.576Z", "complete": false, "transaction_id": null, "payment_method": null, "is_paid": false, "used_reward": false, "is_scheduled": false}}, {"model": "app.order", "pk": 53, "fields": {"customer": null, "date_order": "2025-03-10T12:41:30.876Z", "complete": true, "transaction_id": "MANUAL_53", "payment_method": "bank", "is_paid": false, "used_reward": false, "is_scheduled": false}}, {"model": "app.order", "pk": 54, "fields": {"customer": null, "date_order": "2025-03-10T12:46:06.791Z", "complete": false, "transaction_id": null, "payment_method": null, "is_paid": false, "used_reward": false, "is_scheduled": false}}, {"model": "app.order", "pk": 55, "fields": {"customer": null, "date_order": "2025-03-10T12:46:31.645Z", "complete": true, "transaction_id": "MANUAL_55", "payment_method": "momo", "is_paid": false, "used_reward": false, "is_scheduled": false}}, {"model": "app.order", "pk": 56, "fields": {"customer": 17, "date_order": "2025-03-10T12:48:36.801Z", "complete": true, "transaction_id": "MANUAL_56", "payment_method": "momo", "is_paid": false, "used_reward": false, "is_scheduled": false}}, {"model": "app.order", "pk": 57, "fields": {"customer": null, "date_order": "2025-03-10T12:57:22.637Z", "complete": true, "transaction_id": "MANUAL_57", "payment_method": "momo", "is_paid": false, "used_reward": false, "is_scheduled": false}}, {"model": "app.order", "pk": 58, "fields": {"customer": null, "date_order": "2025-03-10T12:57:31.521Z", "complete": false, "transaction_id": null, "payment_method": null, "is_paid": false, "used_reward": false, "is_scheduled": false}}, {"model": "app.order", "pk": 59, "fields": {"customer": 17, "date_order": "2025-03-10T12:57:56.819Z", "complete": true, "transaction_id": "MANUAL_59", "payment_method": "momo", "is_paid": false, "used_reward": false, "is_scheduled": false}}, {"model": "app.order", "pk": 60, "fields": {"customer": 17, "date_order": "2025-03-10T13:00:37.806Z", "complete": true, "transaction_id": "MANUAL_60", "payment_method": "momo", "is_paid": false, "used_reward": false, "is_scheduled": false}}, {"model": "app.order", "pk": 61, "fields": {"customer": null, "date_order": "2025-03-10T13:05:36.966Z", "complete": false, "transaction_id": null, "payment_method": null, "is_paid": false, "used_reward": false, "is_scheduled": false}}, {"model": "app.order", "pk": 62, "fields": {"customer": 17, "date_order": "2025-03-10T13:06:01.539Z", "complete": true, "transaction_id": "MANUAL_62", "payment_method": "momo", "is_paid": true, "used_reward": false, "is_scheduled": false}}, {"model": "app.order", "pk": 63, "fields": {"customer": 17, "date_order": "2025-03-10T13:11:43.052Z", "complete": true, "transaction_id": "MANUAL_63", "payment_method": "vnpay", "is_paid": true, "used_reward": false, "is_scheduled": false}}, {"model": "app.order", "pk": 64, "fields": {"customer": 17, "date_order": "2025-03-10T13:17:15.739Z", "complete": true, "transaction_id": "MANUAL_64", "payment_method": "momo", "is_paid": true, "used_reward": false, "is_scheduled": false}}, {"model": "app.order", "pk": 65, "fields": {"customer": 17, "date_order": "2025-03-10T13:23:02.894Z", "complete": true, "transaction_id": "MANUAL_65", "payment_method": "vnpay", "is_paid": true, "used_reward": true, "is_scheduled": false}}, {"model": "app.order", "pk": 66, "fields": {"customer": 17, "date_order": "2025-03-10T13:25:25.573Z", "complete": true, "transaction_id": "MANUAL_66", "payment_method": "momo", "is_paid": true, "used_reward": false, "is_scheduled": false}}, {"model": "app.order", "pk": 67, "fields": {"customer": 1, "date_order": "2025-03-10T13:30:34.163Z", "complete": true, "transaction_id": "MANUAL_67", "payment_method": "momo", "is_paid": true, "used_reward": false, "is_scheduled": false}}, {"model": "app.order", "pk": 68, "fields": {"customer": 17, "date_order": "2025-03-10T13:43:13.771Z", "complete": true, "transaction_id": "MANUAL_68", "payment_method": "momo", "is_paid": true, "used_reward": false, "is_scheduled": false}}, {"model": "app.order", "pk": 69, "fields": {"customer": null, "date_order": "2025-03-10T13:53:20.759Z", "complete": false, "transaction_id": null, "payment_method": null, "is_paid": false, "used_reward": false, "is_scheduled": false}}, {"model": "app.order", "pk": 70, "fields": {"customer": 17, "date_order": "2025-03-10T13:54:13.906Z", "complete": true, "transaction_id": "MANUAL_70", "payment_method": "vnpay", "is_paid": true, "used_reward": false, "is_scheduled": false}}, {"model": "app.order", "pk": 71, "fields": {"customer": 17, "date_order": "2025-03-10T14:04:05.942Z", "complete": true, "transaction_id": "MANUAL_71", "payment_method": "vnpay", "is_paid": true, "used_reward": false, "is_scheduled": false}}, {"model": "app.order", "pk": 72, "fields": {"customer": 17, "date_order": "2025-03-10T14:04:27.872Z", "complete": false, "transaction_id": null, "payment_method": null, "is_paid": false, "used_reward": false, "is_scheduled": false}}, {"model": "app.order", "pk": 73, "fields": {"customer": 1, "date_order": "2025-03-10T14:05:32.653Z", "complete": true, "transaction_id": "MANUAL_73", "payment_method": "vnpay", "is_paid": true, "used_reward": false, "is_scheduled": false}}, {"model": "app.order", "pk": 74, "fields": {"customer": 1, "date_order": "2025-03-10T14:06:12.248Z", "complete": true, "transaction_id": "MANUAL_74", "payment_method": "vnpay", "is_paid": true, "used_reward": false, "is_scheduled": false}}, {"model": "app.order", "pk": 75, "fields": {"customer": null, "date_order": "2025-03-10T14:22:12.337Z", "complete": true, "transaction_id": "MANUAL_75", "payment_method": "momo", "is_paid": false, "used_reward": false, "is_scheduled": false}}, {"model": "app.order", "pk": 76, "fields": {"customer": 1, "date_order": "2025-03-10T14:22:45.702Z", "complete": true, "transaction_id": "MANUAL_76", "payment_method": "momo", "is_paid": true, "used_reward": false, "is_scheduled": false}}, {"model": "app.order", "pk": 77, "fields": {"customer": null, "date_order": "2025-03-10T14:31:34.532Z", "complete": false, "transaction_id": null, "payment_method": null, "is_paid": false, "used_reward": false, "is_scheduled": false}}, {"model": "app.order", "pk": 78, "fields": {"customer": null, "date_order": "2025-03-11T03:35:55.400Z", "complete": false, "transaction_id": null, "payment_method": null, "is_paid": false, "used_reward": false, "is_scheduled": false}}, {"model": "app.order", "pk": 79, "fields": {"customer": null, "date_order": "2025-03-12T03:54:21.088Z", "complete": false, "transaction_id": null, "payment_method": null, "is_paid": false, "used_reward": false, "is_scheduled": false}}, {"model": "app.order", "pk": 80, "fields": {"customer": null, "date_order": "2025-03-13T07:29:37.791Z", "complete": false, "transaction_id": null, "payment_method": null, "is_paid": false, "used_reward": false, "is_scheduled": false}}, {"model": "app.order", "pk": 81, "fields": {"customer": 1, "date_order": "2025-03-13T08:37:18.075Z", "complete": true, "transaction_id": "MANUAL_81", "payment_method": "vnpay", "is_paid": true, "used_reward": false, "is_scheduled": false}}, {"model": "app.order", "pk": 82, "fields": {"customer": 1, "date_order": "2025-03-13T16:10:48.085Z", "complete": true, "transaction_id": "MANUAL_82", "payment_method": "vnpay", "is_paid": true, "used_reward": false, "is_scheduled": false}}, {"model": "app.order", "pk": 83, "fields": {"customer": 1, "date_order": "2025-03-14T01:38:52.974Z", "complete": true, "transaction_id": "MANUAL_83", "payment_method": "vnpay", "is_paid": false, "used_reward": false, "is_scheduled": false}}, {"model": "app.order", "pk": 84, "fields": {"customer": null, "date_order": "2025-03-15T05:43:30.718Z", "complete": false, "transaction_id": null, "payment_method": null, "is_paid": false, "used_reward": false, "is_scheduled": false}}, {"model": "app.order", "pk": 85, "fields": {"customer": 18, "date_order": "2025-03-15T11:01:43.688Z", "complete": true, "transaction_id": "MANUAL_85", "payment_method": "momo", "is_paid": false, "used_reward": false, "is_scheduled": false}}, {"model": "app.order", "pk": 86, "fields": {"customer": 18, "date_order": "2025-03-15T11:10:14.474Z", "complete": true, "transaction_id": "MANUAL_86", "payment_method": "bank", "is_paid": false, "used_reward": false, "is_scheduled": false}}, {"model": "app.order", "pk": 87, "fields": {"customer": 18, "date_order": "2025-03-15T11:13:46.892Z", "complete": true, "transaction_id": "MANUAL_87", "payment_method": "momo", "is_paid": false, "used_reward": false, "is_scheduled": false}}, {"model": "app.order", "pk": 88, "fields": {"customer": 18, "date_order": "2025-03-16T02:31:16.998Z", "complete": true, "transaction_id": "MANUAL_88", "payment_method": "vnpay", "is_paid": false, "used_reward": false, "is_scheduled": false}}, {"model": "app.order", "pk": 89, "fields": {"customer": null, "date_order": "2025-03-16T09:44:13.420Z", "complete": false, "transaction_id": null, "payment_method": null, "is_paid": false, "used_reward": false, "is_scheduled": false}}, {"model": "app.order", "pk": 90, "fields": {"customer": null, "date_order": "2025-03-16T13:53:55.345Z", "complete": false, "transaction_id": null, "payment_method": null, "is_paid": false, "used_reward": false, "is_scheduled": false}}, {"model": "app.order", "pk": 91, "fields": {"customer": 1, "date_order": "2025-03-16T13:54:47.184Z", "complete": true, "transaction_id": "MANUAL_91", "payment_method": "vnpay", "is_paid": false, "used_reward": false, "is_scheduled": false}}, {"model": "app.order", "pk": 92, "fields": {"customer": 1, "date_order": "2025-03-19T09:07:40.056Z", "complete": false, "transaction_id": null, "payment_method": null, "is_paid": false, "used_reward": false, "is_scheduled": false}}, {"model": "app.order", "pk": 93, "fields": {"customer": null, "date_order": "2025-03-21T14:56:07.445Z", "complete": false, "transaction_id": null, "payment_method": null, "is_paid": false, "used_reward": false, "is_scheduled": false}}, {"model": "app.orderitem", "pk": 1, "fields": {"product": 4, "combo": null, "order": 1, "quantity": 6, "date_added": "2025-03-08T14:24:40.098Z"}}, {"model": "app.orderitem", "pk": 2, "fields": {"product": null, "combo": 2, "order": 1, "quantity": 2, "date_added": "2025-03-08T14:24:51.260Z"}}, {"model": "app.orderitem", "pk": 4, "fields": {"product": 8, "combo": null, "order": 1, "quantity": 2, "date_added": "2025-03-08T14:25:12.950Z"}}, {"model": "app.orderitem", "pk": 5, "fields": {"product": 11, "combo": null, "order": 1, "quantity": 1, "date_added": "2025-03-08T14:25:33.539Z"}}, {"model": "app.orderitem", "pk": 6, "fields": {"product": 25, "combo": null, "order": 1, "quantity": 2, "date_added": "2025-03-08T14:30:33.362Z"}}, {"model": "app.orderitem", "pk": 7, "fields": {"product": 13, "combo": null, "order": 1, "quantity": 1, "date_added": "2025-03-08T14:31:30.459Z"}}, {"model": "app.orderitem", "pk": 8, "fields": {"product": null, "combo": 2, "order": 2, "quantity": 3, "date_added": "2025-03-08T14:36:52.965Z"}}, {"model": "app.orderitem", "pk": 9, "fields": {"product": 4, "combo": null, "order": 3, "quantity": 2, "date_added": "2025-03-08T14:41:38.071Z"}}, {"model": "app.orderitem", "pk": 10, "fields": {"product": 8, "combo": null, "order": 3, "quantity": 2, "date_added": "2025-03-08T14:41:42.364Z"}}, {"model": "app.orderitem", "pk": 11, "fields": {"product": 10, "combo": null, "order": 3, "quantity": 7, "date_added": "2025-03-08T14:41:45.893Z"}}, {"model": "app.orderitem", "pk": 12, "fields": {"product": 1, "combo": null, "order": 5, "quantity": 27, "date_added": "2025-03-08T18:31:15.026Z"}}, {"model": "app.orderitem", "pk": 13, "fields": {"product": 1, "combo": null, "order": 4, "quantity": 41, "date_added": "2025-03-08T18:53:02.485Z"}}, {"model": "app.orderitem", "pk": 14, "fields": {"product": 2, "combo": null, "order": 4, "quantity": 3, "date_added": "2025-03-08T18:53:02.492Z"}}, {"model": "app.orderitem", "pk": 15, "fields": {"product": 5, "combo": null, "order": 4, "quantity": 0, "date_added": "2025-03-08T18:53:02.496Z"}}, {"model": "app.orderitem", "pk": 16, "fields": {"product": 14, "combo": null, "order": 4, "quantity": 0, "date_added": "2025-03-08T19:05:05.426Z"}}, {"model": "app.orderitem", "pk": 17, "fields": {"product": 9, "combo": null, "order": 4, "quantity": 0, "date_added": "2025-03-08T19:05:05.431Z"}}, {"model": "app.orderitem", "pk": 18, "fields": {"product": 8, "combo": null, "order": 4, "quantity": 1, "date_added": "2025-03-08T19:05:05.435Z"}}, {"model": "app.orderitem", "pk": 19, "fields": {"product": 10, "combo": null, "order": 4, "quantity": 0, "date_added": "2025-03-08T19:05:05.439Z"}}, {"model": "app.orderitem", "pk": 20, "fields": {"product": 7, "combo": null, "order": 4, "quantity": 0, "date_added": "2025-03-08T19:05:05.445Z"}}, {"model": "app.orderitem", "pk": 21, "fields": {"product": 3, "combo": null, "order": 4, "quantity": 0, "date_added": "2025-03-08T19:05:05.451Z"}}, {"model": "app.orderitem", "pk": 22, "fields": {"product": 23, "combo": null, "order": 4, "quantity": 0, "date_added": "2025-03-08T19:05:05.458Z"}}, {"model": "app.orderitem", "pk": 23, "fields": {"product": 16, "combo": null, "order": 4, "quantity": 0, "date_added": "2025-03-08T19:05:05.462Z"}}, {"model": "app.orderitem", "pk": 24, "fields": {"product": 18, "combo": null, "order": 6, "quantity": 0, "date_added": "2025-03-08T19:25:34.506Z"}}, {"model": "app.orderitem", "pk": 25, "fields": {"product": 3, "combo": null, "order": 6, "quantity": 7, "date_added": "2025-03-08T19:25:34.508Z"}}, {"model": "app.orderitem", "pk": 26, "fields": {"product": 1, "combo": null, "order": 6, "quantity": 11, "date_added": "2025-03-08T19:25:34.510Z"}}, {"model": "app.orderitem", "pk": 27, "fields": {"product": 4, "combo": null, "order": 6, "quantity": 2, "date_added": "2025-03-08T19:25:34.516Z"}}, {"model": "app.orderitem", "pk": 28, "fields": {"product": 2, "combo": null, "order": 6, "quantity": 1, "date_added": "2025-03-08T19:25:34.518Z"}}, {"model": "app.orderitem", "pk": 29, "fields": {"product": 5, "combo": null, "order": 6, "quantity": 0, "date_added": "2025-03-08T19:25:34.520Z"}}, {"model": "app.orderitem", "pk": 30, "fields": {"product": 14, "combo": null, "order": 6, "quantity": 0, "date_added": "2025-03-08T19:25:34.523Z"}}, {"model": "app.orderitem", "pk": 31, "fields": {"product": 2, "combo": null, "order": 7, "quantity": 7, "date_added": "2025-03-08T19:37:09.169Z"}}, {"model": "app.orderitem", "pk": 32, "fields": {"product": 4, "combo": null, "order": 7, "quantity": 3, "date_added": "2025-03-08T19:37:09.171Z"}}, {"model": "app.orderitem", "pk": 33, "fields": {"product": 5, "combo": null, "order": 7, "quantity": 2, "date_added": "2025-03-08T19:37:09.179Z"}}, {"model": "app.orderitem", "pk": 34, "fields": {"product": 3, "combo": null, "order": 7, "quantity": 5, "date_added": "2025-03-08T19:37:09.181Z"}}, {"model": "app.orderitem", "pk": 35, "fields": {"product": 1, "combo": null, "order": 7, "quantity": 0, "date_added": "2025-03-08T19:37:09.188Z"}}, {"model": "app.orderitem", "pk": 36, "fields": {"product": 6, "combo": null, "order": 7, "quantity": 1, "date_added": "2025-03-08T19:37:09.190Z"}}, {"model": "app.orderitem", "pk": 37, "fields": {"product": 23, "combo": null, "order": 7, "quantity": 0, "date_added": "2025-03-08T19:37:09.205Z"}}, {"model": "app.orderitem", "pk": 38, "fields": {"product": 7, "combo": null, "order": 7, "quantity": 1, "date_added": "2025-03-08T19:37:09.209Z"}}, {"model": "app.orderitem", "pk": 40, "fields": {"product": 18, "combo": null, "order": 7, "quantity": 0, "date_added": "2025-03-08T19:48:20.981Z"}}, {"model": "app.orderitem", "pk": 41, "fields": {"product": 18, "combo": null, "order": 8, "quantity": 2, "date_added": "2025-03-08T19:48:58.719Z"}}, {"model": "app.orderitem", "pk": 42, "fields": {"product": 1, "combo": null, "order": 8, "quantity": 2, "date_added": "2025-03-08T19:49:09.169Z"}}, {"model": "app.orderitem", "pk": 43, "fields": {"product": 1, "combo": null, "order": 9, "quantity": 3, "date_added": "2025-03-09T01:40:02.664Z"}}, {"model": "app.orderitem", "pk": 44, "fields": {"product": 7, "combo": null, "order": 9, "quantity": 3, "date_added": "2025-03-09T01:40:02.665Z"}}, {"model": "app.orderitem", "pk": 45, "fields": {"product": 2, "combo": null, "order": 9, "quantity": 10, "date_added": "2025-03-09T01:40:02.666Z"}}, {"model": "app.orderitem", "pk": 46, "fields": {"product": 4, "combo": null, "order": 9, "quantity": 9, "date_added": "2025-03-09T01:40:02.668Z"}}, {"model": "app.orderitem", "pk": 47, "fields": {"product": 5, "combo": null, "order": 9, "quantity": 7, "date_added": "2025-03-09T01:40:02.669Z"}}, {"model": "app.orderitem", "pk": 48, "fields": {"product": 3, "combo": null, "order": 9, "quantity": 7, "date_added": "2025-03-09T01:40:02.678Z"}}, {"model": "app.orderitem", "pk": 49, "fields": {"product": 11, "combo": null, "order": 9, "quantity": 0, "date_added": "2025-03-09T01:40:02.681Z"}}, {"model": "app.orderitem", "pk": 50, "fields": {"product": 6, "combo": null, "order": 9, "quantity": 3, "date_added": "2025-03-09T01:40:02.690Z"}}, {"model": "app.orderitem", "pk": 51, "fields": {"product": 19, "combo": null, "order": 9, "quantity": 0, "date_added": "2025-03-09T01:40:02.702Z"}}, {"model": "app.orderitem", "pk": 52, "fields": {"product": 12, "combo": null, "order": 9, "quantity": 0, "date_added": "2025-03-09T01:40:02.704Z"}}, {"model": "app.orderitem", "pk": 53, "fields": {"product": 23, "combo": null, "order": 9, "quantity": 0, "date_added": "2025-03-09T01:40:02.711Z"}}, {"model": "app.orderitem", "pk": 54, "fields": {"product": 10, "combo": null, "order": 9, "quantity": 1, "date_added": "2025-03-09T01:40:02.712Z"}}, {"model": "app.orderitem", "pk": 55, "fields": {"product": 18, "combo": null, "order": 9, "quantity": 0, "date_added": "2025-03-09T01:40:02.719Z"}}, {"model": "app.orderitem", "pk": 57, "fields": {"product": 3, "combo": null, "order": 11, "quantity": 1, "date_added": "2025-03-09T02:42:18.846Z"}}, {"model": "app.orderitem", "pk": 58, "fields": {"product": 1, "combo": null, "order": 11, "quantity": 1, "date_added": "2025-03-09T02:42:47.702Z"}}, {"model": "app.orderitem", "pk": 59, "fields": {"product": 1, "combo": null, "order": 12, "quantity": 1, "date_added": "2025-03-09T02:49:23.398Z"}}, {"model": "app.orderitem", "pk": 60, "fields": {"product": 2, "combo": null, "order": 13, "quantity": 6, "date_added": "2025-03-09T03:02:28.173Z"}}, {"model": "app.orderitem", "pk": 61, "fields": {"product": 1, "combo": null, "order": 14, "quantity": 1, "date_added": "2025-03-09T04:00:35.986Z"}}, {"model": "app.orderitem", "pk": 62, "fields": {"product": 11, "combo": null, "order": 14, "quantity": 1, "date_added": "2025-03-09T04:01:06.947Z"}}, {"model": "app.orderitem", "pk": 63, "fields": {"product": null, "combo": 2, "order": 15, "quantity": 30, "date_added": "2025-03-09T04:09:42.892Z"}}, {"model": "app.orderitem", "pk": 64, "fields": {"product": 5, "combo": null, "order": 15, "quantity": 6, "date_added": "2025-03-09T04:09:59.470Z"}}, {"model": "app.orderitem", "pk": 65, "fields": {"product": 5, "combo": null, "order": 16, "quantity": 40, "date_added": "2025-03-09T04:11:02.735Z"}}, {"model": "app.orderitem", "pk": 66, "fields": {"product": 19, "combo": null, "order": 17, "quantity": 1, "date_added": "2025-03-09T04:12:22.817Z"}}, {"model": "app.orderitem", "pk": 67, "fields": {"product": 19, "combo": null, "order": 18, "quantity": 8, "date_added": "2025-03-09T07:03:59.369Z"}}, {"model": "app.orderitem", "pk": 68, "fields": {"product": null, "combo": 1, "order": 18, "quantity": 3, "date_added": "2025-03-09T07:04:13.614Z"}}, {"model": "app.orderitem", "pk": 69, "fields": {"product": 1, "combo": null, "order": 18, "quantity": 12, "date_added": "2025-03-09T07:04:22.257Z"}}, {"model": "app.orderitem", "pk": 70, "fields": {"product": 13, "combo": null, "order": 18, "quantity": 3, "date_added": "2025-03-09T07:05:16.861Z"}}, {"model": "app.orderitem", "pk": 73, "fields": {"product": 19, "combo": null, "order": 10, "quantity": 34, "date_added": "2025-03-09T07:34:21.816Z"}}, {"model": "app.orderitem", "pk": 74, "fields": {"product": 12, "combo": null, "order": 10, "quantity": 1, "date_added": "2025-03-09T07:35:38.378Z"}}, {"model": "app.orderitem", "pk": 76, "fields": {"product": 2, "combo": null, "order": 10, "quantity": 1, "date_added": "2025-03-09T07:46:53.278Z"}}, {"model": "app.orderitem", "pk": 77, "fields": {"product": 26, "combo": null, "order": 10, "quantity": 2, "date_added": "2025-03-09T11:09:19.376Z"}}, {"model": "app.orderitem", "pk": 78, "fields": {"product": 4, "combo": null, "order": 21, "quantity": 7, "date_added": "2025-03-10T00:27:19.653Z"}}, {"model": "app.orderitem", "pk": 79, "fields": {"product": 1, "combo": null, "order": 21, "quantity": 2, "date_added": "2025-03-10T01:00:34.994Z"}}, {"model": "app.orderitem", "pk": 80, "fields": {"product": 2, "combo": null, "order": 21, "quantity": 3, "date_added": "2025-03-10T01:00:34.995Z"}}, {"model": "app.orderitem", "pk": 81, "fields": {"product": 5, "combo": null, "order": 21, "quantity": 4, "date_added": "2025-03-10T01:00:35.000Z"}}, {"model": "app.orderitem", "pk": 82, "fields": {"product": 3, "combo": null, "order": 21, "quantity": 4, "date_added": "2025-03-10T01:00:35.002Z"}}, {"model": "app.orderitem", "pk": 83, "fields": {"product": 6, "combo": null, "order": 21, "quantity": 1, "date_added": "2025-03-10T01:00:35.003Z"}}, {"model": "app.orderitem", "pk": 84, "fields": {"product": 23, "combo": null, "order": 21, "quantity": 1, "date_added": "2025-03-10T01:00:35.006Z"}}, {"model": "app.orderitem", "pk": 85, "fields": {"product": 8, "combo": null, "order": 21, "quantity": 1, "date_added": "2025-03-10T01:00:35.008Z"}}, {"model": "app.orderitem", "pk": 86, "fields": {"product": 7, "combo": null, "order": 21, "quantity": 4, "date_added": "2025-03-10T01:00:35.009Z"}}, {"model": "app.orderitem", "pk": 87, "fields": {"product": 19, "combo": null, "order": 22, "quantity": 6, "date_added": "2025-03-10T01:03:48.776Z"}}, {"model": "app.orderitem", "pk": 88, "fields": {"product": 4, "combo": null, "order": 24, "quantity": 10, "date_added": "2025-03-10T04:30:13.236Z"}}, {"model": "app.orderitem", "pk": 89, "fields": {"product": null, "combo": 2, "order": 25, "quantity": 40, "date_added": "2025-03-10T04:38:19.592Z"}}, {"model": "app.orderitem", "pk": 90, "fields": {"product": 5, "combo": null, "order": 26, "quantity": 17, "date_added": "2025-03-10T04:38:49.131Z"}}, {"model": "app.orderitem", "pk": 91, "fields": {"product": 1, "combo": null, "order": 27, "quantity": 2, "date_added": "2025-03-10T07:03:48.864Z"}}, {"model": "app.orderitem", "pk": 92, "fields": {"product": 2, "combo": null, "order": 28, "quantity": 30, "date_added": "2025-03-10T07:05:36.851Z"}}, {"model": "app.orderitem", "pk": 93, "fields": {"product": 1, "combo": null, "order": 28, "quantity": 6, "date_added": "2025-03-10T07:05:43.393Z"}}, {"model": "app.orderitem", "pk": 95, "fields": {"product": 10, "combo": null, "order": 28, "quantity": 34, "date_added": "2025-03-10T07:06:13.991Z"}}, {"model": "app.orderitem", "pk": 96, "fields": {"product": 2, "combo": null, "order": 29, "quantity": 10, "date_added": "2025-03-10T07:08:03.529Z"}}, {"model": "app.orderitem", "pk": 97, "fields": {"product": 11, "combo": null, "order": 19, "quantity": 2, "date_added": "2025-03-10T11:32:12.911Z"}}, {"model": "app.orderitem", "pk": 98, "fields": {"product": 15, "combo": null, "order": 19, "quantity": 10, "date_added": "2025-03-10T11:32:19.230Z"}}, {"model": "app.orderitem", "pk": 99, "fields": {"product": 4, "combo": null, "order": 32, "quantity": 10, "date_added": "2025-03-10T11:46:49.988Z"}}, {"model": "app.orderitem", "pk": 100, "fields": {"product": 4, "combo": null, "order": 33, "quantity": 6, "date_added": "2025-03-10T12:10:19.856Z"}}, {"model": "app.orderitem", "pk": 101, "fields": {"product": 1, "combo": null, "order": 33, "quantity": 4, "date_added": "2025-03-10T12:10:19.860Z"}}, {"model": "app.orderitem", "pk": 102, "fields": {"product": null, "combo": 2, "order": 34, "quantity": 3, "date_added": "2025-03-10T12:16:51.239Z"}}, {"model": "app.orderitem", "pk": 103, "fields": {"product": 6, "combo": null, "order": 34, "quantity": 2, "date_added": "2025-03-10T12:16:51.242Z"}}, {"model": "app.orderitem", "pk": 104, "fields": {"product": 3, "combo": null, "order": 35, "quantity": 3, "date_added": "2025-03-10T12:21:26.957Z"}}, {"model": "app.orderitem", "pk": 105, "fields": {"product": 1, "combo": null, "order": 36, "quantity": 7, "date_added": "2025-03-10T12:24:42.592Z"}}, {"model": "app.orderitem", "pk": 106, "fields": {"product": 15, "combo": null, "order": 36, "quantity": 4, "date_added": "2025-03-10T12:24:42.595Z"}}, {"model": "app.orderitem", "pk": 107, "fields": {"product": 13, "combo": null, "order": 36, "quantity": 3, "date_added": "2025-03-10T12:24:42.597Z"}}, {"model": "app.orderitem", "pk": 108, "fields": {"product": 7, "combo": null, "order": 37, "quantity": 11, "date_added": "2025-03-10T12:25:15.225Z"}}, {"model": "app.orderitem", "pk": 109, "fields": {"product": 10, "combo": null, "order": 38, "quantity": 12, "date_added": "2025-03-10T12:25:35.628Z"}}, {"model": "app.orderitem", "pk": 110, "fields": {"product": 13, "combo": null, "order": 38, "quantity": 7, "date_added": "2025-03-10T12:25:35.632Z"}}, {"model": "app.orderitem", "pk": 111, "fields": {"product": 10, "combo": null, "order": 39, "quantity": 5, "date_added": "2025-03-10T12:27:39.405Z"}}, {"model": "app.orderitem", "pk": 112, "fields": {"product": 10, "combo": null, "order": 40, "quantity": 5, "date_added": "2025-03-10T12:27:51.420Z"}}, {"model": "app.orderitem", "pk": 113, "fields": {"product": 13, "combo": null, "order": 40, "quantity": 9, "date_added": "2025-03-10T12:27:51.423Z"}}, {"model": "app.orderitem", "pk": 114, "fields": {"product": 10, "combo": null, "order": 41, "quantity": 5, "date_added": "2025-03-10T12:27:55.904Z"}}, {"model": "app.orderitem", "pk": 115, "fields": {"product": 13, "combo": null, "order": 41, "quantity": 9, "date_added": "2025-03-10T12:27:55.907Z"}}, {"model": "app.orderitem", "pk": 116, "fields": {"product": 10, "combo": null, "order": 42, "quantity": 5, "date_added": "2025-03-10T12:28:02.271Z"}}, {"model": "app.orderitem", "pk": 117, "fields": {"product": 13, "combo": null, "order": 42, "quantity": 9, "date_added": "2025-03-10T12:28:02.274Z"}}, {"model": "app.orderitem", "pk": 118, "fields": {"product": 10, "combo": null, "order": 43, "quantity": 5, "date_added": "2025-03-10T12:28:11.722Z"}}, {"model": "app.orderitem", "pk": 119, "fields": {"product": 13, "combo": null, "order": 43, "quantity": 9, "date_added": "2025-03-10T12:28:11.725Z"}}, {"model": "app.orderitem", "pk": 120, "fields": {"product": 10, "combo": null, "order": 44, "quantity": 5, "date_added": "2025-03-10T12:28:28.616Z"}}, {"model": "app.orderitem", "pk": 121, "fields": {"product": 13, "combo": null, "order": 44, "quantity": 9, "date_added": "2025-03-10T12:28:28.621Z"}}, {"model": "app.orderitem", "pk": 122, "fields": {"product": 10, "combo": null, "order": 45, "quantity": 5, "date_added": "2025-03-10T12:31:13.836Z"}}, {"model": "app.orderitem", "pk": 123, "fields": {"product": 13, "combo": null, "order": 45, "quantity": 9, "date_added": "2025-03-10T12:31:13.839Z"}}, {"model": "app.orderitem", "pk": 124, "fields": {"product": 10, "combo": null, "order": 46, "quantity": 5, "date_added": "2025-03-10T12:31:21.294Z"}}, {"model": "app.orderitem", "pk": 125, "fields": {"product": 13, "combo": null, "order": 46, "quantity": 9, "date_added": "2025-03-10T12:31:21.297Z"}}, {"model": "app.orderitem", "pk": 126, "fields": {"product": null, "combo": 2, "order": 46, "quantity": 3, "date_added": "2025-03-10T12:31:21.299Z"}}, {"model": "app.orderitem", "pk": 127, "fields": {"product": 10, "combo": null, "order": 47, "quantity": 5, "date_added": "2025-03-10T12:36:06.448Z"}}, {"model": "app.orderitem", "pk": 128, "fields": {"product": 13, "combo": null, "order": 47, "quantity": 9, "date_added": "2025-03-10T12:36:06.451Z"}}, {"model": "app.orderitem", "pk": 129, "fields": {"product": null, "combo": 2, "order": 47, "quantity": 5, "date_added": "2025-03-10T12:36:06.453Z"}}, {"model": "app.orderitem", "pk": 130, "fields": {"product": 1, "combo": null, "order": 47, "quantity": 6, "date_added": "2025-03-10T12:36:06.456Z"}}, {"model": "app.orderitem", "pk": 131, "fields": {"product": 10, "combo": null, "order": 48, "quantity": 5, "date_added": "2025-03-10T12:36:19.028Z"}}, {"model": "app.orderitem", "pk": 132, "fields": {"product": 13, "combo": null, "order": 48, "quantity": 9, "date_added": "2025-03-10T12:36:19.032Z"}}, {"model": "app.orderitem", "pk": 133, "fields": {"product": null, "combo": 2, "order": 48, "quantity": 5, "date_added": "2025-03-10T12:36:19.034Z"}}, {"model": "app.orderitem", "pk": 134, "fields": {"product": 1, "combo": null, "order": 48, "quantity": 6, "date_added": "2025-03-10T12:36:19.036Z"}}, {"model": "app.orderitem", "pk": 135, "fields": {"product": 4, "combo": null, "order": 49, "quantity": 9, "date_added": "2025-03-10T12:36:38.175Z"}}, {"model": "app.orderitem", "pk": 136, "fields": {"product": 4, "combo": null, "order": 50, "quantity": 9, "date_added": "2025-03-10T12:40:53.030Z"}}, {"model": "app.orderitem", "pk": 137, "fields": {"product": 4, "combo": null, "order": 51, "quantity": 9, "date_added": "2025-03-10T12:41:04.072Z"}}, {"model": "app.orderitem", "pk": 138, "fields": {"product": null, "combo": 2, "order": 51, "quantity": 9, "date_added": "2025-03-10T12:41:04.075Z"}}, {"model": "app.orderitem", "pk": 139, "fields": {"product": 4, "combo": null, "order": 52, "quantity": 9, "date_added": "2025-03-10T12:41:19.583Z"}}, {"model": "app.orderitem", "pk": 140, "fields": {"product": null, "combo": 2, "order": 52, "quantity": 9, "date_added": "2025-03-10T12:41:19.587Z"}}, {"model": "app.orderitem", "pk": 141, "fields": {"product": 15, "combo": null, "order": 52, "quantity": 6, "date_added": "2025-03-10T12:41:19.589Z"}}, {"model": "app.orderitem", "pk": 142, "fields": {"product": 4, "combo": null, "order": 53, "quantity": 9, "date_added": "2025-03-10T12:41:30.881Z"}}, {"model": "app.orderitem", "pk": 143, "fields": {"product": null, "combo": 2, "order": 53, "quantity": 9, "date_added": "2025-03-10T12:41:30.884Z"}}, {"model": "app.orderitem", "pk": 144, "fields": {"product": 15, "combo": null, "order": 53, "quantity": 6, "date_added": "2025-03-10T12:41:30.886Z"}}, {"model": "app.orderitem", "pk": 145, "fields": {"product": 4, "combo": null, "order": 54, "quantity": 7, "date_added": "2025-03-10T12:46:06.794Z"}}, {"model": "app.orderitem", "pk": 146, "fields": {"product": 9, "combo": null, "order": 54, "quantity": 5, "date_added": "2025-03-10T12:46:06.796Z"}}, {"model": "app.orderitem", "pk": 147, "fields": {"product": 7, "combo": null, "order": 54, "quantity": 1, "date_added": "2025-03-10T12:46:06.799Z"}}, {"model": "app.orderitem", "pk": 148, "fields": {"product": 4, "combo": null, "order": 55, "quantity": 7, "date_added": "2025-03-10T12:46:31.650Z"}}, {"model": "app.orderitem", "pk": 149, "fields": {"product": 9, "combo": null, "order": 55, "quantity": 5, "date_added": "2025-03-10T12:46:31.654Z"}}, {"model": "app.orderitem", "pk": 150, "fields": {"product": 7, "combo": null, "order": 55, "quantity": 1, "date_added": "2025-03-10T12:46:31.656Z"}}, {"model": "app.orderitem", "pk": 151, "fields": {"product": 2, "combo": null, "order": 56, "quantity": 9, "date_added": "2025-03-10T12:48:41.656Z"}}, {"model": "app.orderitem", "pk": 152, "fields": {"product": 4, "combo": null, "order": 56, "quantity": 4, "date_added": "2025-03-10T12:49:36.760Z"}}, {"model": "app.orderitem", "pk": 153, "fields": {"product": 25, "combo": null, "order": 56, "quantity": 2, "date_added": "2025-03-10T12:49:43.423Z"}}, {"model": "app.orderitem", "pk": 154, "fields": {"product": 4, "combo": null, "order": 57, "quantity": 14, "date_added": "2025-03-10T12:57:22.642Z"}}, {"model": "app.orderitem", "pk": 155, "fields": {"product": 10, "combo": null, "order": 57, "quantity": 5, "date_added": "2025-03-10T12:57:22.646Z"}}, {"model": "app.orderitem", "pk": 156, "fields": {"product": 9, "combo": null, "order": 57, "quantity": 5, "date_added": "2025-03-10T12:57:22.648Z"}}, {"model": "app.orderitem", "pk": 157, "fields": {"product": 4, "combo": null, "order": 58, "quantity": 14, "date_added": "2025-03-10T12:57:31.525Z"}}, {"model": "app.orderitem", "pk": 158, "fields": {"product": 10, "combo": null, "order": 58, "quantity": 5, "date_added": "2025-03-10T12:57:31.528Z"}}, {"model": "app.orderitem", "pk": 159, "fields": {"product": 9, "combo": null, "order": 58, "quantity": 5, "date_added": "2025-03-10T12:57:31.531Z"}}, {"model": "app.orderitem", "pk": 161, "fields": {"product": 3, "combo": null, "order": 59, "quantity": 10, "date_added": "2025-03-10T12:58:06.471Z"}}, {"model": "app.orderitem", "pk": 162, "fields": {"product": 5, "combo": null, "order": 59, "quantity": 11, "date_added": "2025-03-10T12:58:10.829Z"}}, {"model": "app.orderitem", "pk": 163, "fields": {"product": 12, "combo": null, "order": 59, "quantity": 2, "date_added": "2025-03-10T13:00:12.986Z"}}, {"model": "app.orderitem", "pk": 164, "fields": {"product": null, "combo": 2, "order": 60, "quantity": 3, "date_added": "2025-03-10T13:00:40.104Z"}}, {"model": "app.orderitem", "pk": 165, "fields": {"product": null, "combo": 2, "order": 61, "quantity": 4, "date_added": "2025-03-10T13:05:36.969Z"}}, {"model": "app.orderitem", "pk": 166, "fields": {"product": 10, "combo": null, "order": 61, "quantity": 5, "date_added": "2025-03-10T13:05:36.973Z"}}, {"model": "app.orderitem", "pk": 168, "fields": {"product": 13, "combo": null, "order": 62, "quantity": 13, "date_added": "2025-03-10T13:08:59.830Z"}}, {"model": "app.orderitem", "pk": 169, "fields": {"product": 5, "combo": null, "order": 62, "quantity": 7, "date_added": "2025-03-10T13:11:13.176Z"}}, {"model": "app.orderitem", "pk": 170, "fields": {"product": 1, "combo": null, "order": 63, "quantity": 2, "date_added": "2025-03-10T13:11:45.479Z"}}, {"model": "app.orderitem", "pk": 171, "fields": {"product": 10, "combo": null, "order": 63, "quantity": 11, "date_added": "2025-03-10T13:16:54.947Z"}}, {"model": "app.orderitem", "pk": 172, "fields": {"product": 13, "combo": null, "order": 63, "quantity": 4, "date_added": "2025-03-10T13:16:59.320Z"}}, {"model": "app.orderitem", "pk": 173, "fields": {"product": 2, "combo": null, "order": 64, "quantity": 8, "date_added": "2025-03-10T13:17:20.600Z"}}, {"model": "app.orderitem", "pk": 175, "fields": {"product": 10, "combo": null, "order": 64, "quantity": 9, "date_added": "2025-03-10T13:22:38.156Z"}}, {"model": "app.orderitem", "pk": 176, "fields": {"product": 1, "combo": null, "order": 65, "quantity": 1, "date_added": "2025-03-10T13:24:26.786Z"}}, {"model": "app.orderitem", "pk": 177, "fields": {"product": 8, "combo": null, "order": 65, "quantity": 4, "date_added": "2025-03-10T13:24:28.992Z"}}, {"model": "app.orderitem", "pk": 178, "fields": {"product": 14, "combo": null, "order": 66, "quantity": 7, "date_added": "2025-03-10T13:25:31.501Z"}}, {"model": "app.orderitem", "pk": 179, "fields": {"product": 1, "combo": null, "order": 67, "quantity": 14, "date_added": "2025-03-10T13:30:39.018Z"}}, {"model": "app.orderitem", "pk": 181, "fields": {"product": null, "combo": 2, "order": 66, "quantity": 1, "date_added": "2025-03-10T13:33:41.837Z"}}, {"model": "app.orderitem", "pk": 182, "fields": {"product": 4, "combo": null, "order": 68, "quantity": 2, "date_added": "2025-03-10T13:43:16.537Z"}}, {"model": "app.orderitem", "pk": 183, "fields": {"product": null, "combo": 2, "order": 69, "quantity": 4, "date_added": "2025-03-10T13:53:20.763Z"}}, {"model": "app.orderitem", "pk": 184, "fields": {"product": 2, "combo": null, "order": 70, "quantity": 7, "date_added": "2025-03-10T13:54:22.168Z"}}, {"model": "app.orderitem", "pk": 185, "fields": {"product": 1, "combo": null, "order": 71, "quantity": 7, "date_added": "2025-03-10T14:04:11.681Z"}}, {"model": "app.orderitem", "pk": 187, "fields": {"product": 1, "combo": null, "order": 73, "quantity": 7, "date_added": "2025-03-10T14:05:34.999Z"}}, {"model": "app.orderitem", "pk": 188, "fields": {"product": 1, "combo": null, "order": 74, "quantity": 8, "date_added": "2025-03-10T14:06:16.499Z"}}, {"model": "app.orderitem", "pk": 189, "fields": {"product": 19, "combo": null, "order": 74, "quantity": 1, "date_added": "2025-03-10T14:21:14.136Z"}}, {"model": "app.orderitem", "pk": 190, "fields": {"product": 4, "combo": null, "order": 75, "quantity": 3, "date_added": "2025-03-10T14:22:12.342Z"}}, {"model": "app.orderitem", "pk": 191, "fields": {"product": 5, "combo": null, "order": 75, "quantity": 2, "date_added": "2025-03-10T14:22:12.346Z"}}, {"model": "app.orderitem", "pk": 193, "fields": {"product": 4, "combo": null, "order": 77, "quantity": 8, "date_added": "2025-03-10T14:31:34.537Z"}}, {"model": "app.orderitem", "pk": 194, "fields": {"product": 7, "combo": null, "order": 77, "quantity": 2, "date_added": "2025-03-10T14:31:34.541Z"}}, {"model": "app.orderitem", "pk": 196, "fields": {"product": 1, "combo": null, "order": 78, "quantity": 3, "date_added": "2025-03-11T03:35:55.408Z"}}, {"model": "app.orderitem", "pk": 197, "fields": {"product": 25, "combo": null, "order": 78, "quantity": 3, "date_added": "2025-03-11T03:35:55.410Z"}}, {"model": "app.orderitem", "pk": 229, "fields": {"product": 5, "combo": null, "order": 76, "quantity": 25, "date_added": "2025-03-11T16:36:58.585Z"}}, {"model": "app.orderitem", "pk": 273, "fields": {"product": 4, "combo": null, "order": 72, "quantity": 18, "date_added": "2025-03-12T03:01:25.800Z"}}, {"model": "app.orderitem", "pk": 274, "fields": {"product": 8, "combo": null, "order": 72, "quantity": 10, "date_added": "2025-03-12T03:02:16.975Z"}}, {"model": "app.orderitem", "pk": 297, "fields": {"product": 19, "combo": null, "order": 76, "quantity": 16, "date_added": "2025-03-12T03:16:00.563Z"}}, {"model": "app.orderitem", "pk": 301, "fields": {"product": 15, "combo": null, "order": 72, "quantity": 2, "date_added": "2025-03-12T03:19:47.432Z"}}, {"model": "app.orderitem", "pk": 302, "fields": {"product": 2, "combo": null, "order": 79, "quantity": 10, "date_added": "2025-03-12T03:54:21.092Z"}}, {"model": "app.orderitem", "pk": 303, "fields": {"product": 25, "combo": null, "order": 79, "quantity": 4, "date_added": "2025-03-12T03:54:21.094Z"}}, {"model": "app.orderitem", "pk": 322, "fields": {"product": 16, "combo": null, "order": 76, "quantity": 14, "date_added": "2025-03-12T04:07:27.901Z"}}, {"model": "app.orderitem", "pk": 323, "fields": {"product": 26, "combo": null, "order": 76, "quantity": 12, "date_added": "2025-03-12T04:07:28.471Z"}}, {"model": "app.orderitem", "pk": 324, "fields": {"product": 7, "combo": null, "order": 76, "quantity": 5, "date_added": "2025-03-12T17:14:32.301Z"}}, {"model": "app.orderitem", "pk": 325, "fields": {"product": 13, "combo": null, "order": 76, "quantity": 6, "date_added": "2025-03-13T06:01:33.589Z"}}, {"model": "app.orderitem", "pk": 326, "fields": {"product": 20, "combo": null, "order": 76, "quantity": 5, "date_added": "2025-03-13T06:01:37.398Z"}}, {"model": "app.orderitem", "pk": 327, "fields": {"product": null, "combo": 2, "order": 80, "quantity": 5, "date_added": "2025-03-13T07:29:37.796Z"}}, {"model": "app.orderitem", "pk": 328, "fields": {"product": null, "combo": 1, "order": 80, "quantity": 16, "date_added": "2025-03-13T07:29:37.801Z"}}, {"model": "app.orderitem", "pk": 329, "fields": {"product": 8, "combo": null, "order": 80, "quantity": 5, "date_added": "2025-03-13T07:29:37.804Z"}}, {"model": "app.orderitem", "pk": 330, "fields": {"product": 5, "combo": null, "order": 80, "quantity": 3, "date_added": "2025-03-13T07:29:37.807Z"}}, {"model": "app.orderitem", "pk": 331, "fields": {"product": 25, "combo": null, "order": 80, "quantity": 6, "date_added": "2025-03-13T07:29:37.809Z"}}, {"model": "app.orderitem", "pk": 332, "fields": {"product": null, "combo": 2, "order": 76, "quantity": 1, "date_added": "2025-03-13T08:04:17.043Z"}}, {"model": "app.orderitem", "pk": 333, "fields": {"product": null, "combo": 3, "order": 76, "quantity": 3, "date_added": "2025-03-13T08:23:18.417Z"}}, {"model": "app.orderitem", "pk": 334, "fields": {"product": 2, "combo": null, "order": 76, "quantity": 3, "date_added": "2025-03-13T08:28:01.912Z"}}, {"model": "app.orderitem", "pk": 335, "fields": {"product": null, "combo": 1, "order": 76, "quantity": 2, "date_added": "2025-03-13T08:28:15.887Z"}}, {"model": "app.orderitem", "pk": 336, "fields": {"product": 6, "combo": null, "order": 76, "quantity": 3, "date_added": "2025-03-13T08:28:25.343Z"}}, {"model": "app.orderitem", "pk": 337, "fields": {"product": 17, "combo": null, "order": 76, "quantity": 3, "date_added": "2025-03-13T08:28:37.880Z"}}, {"model": "app.orderitem", "pk": 338, "fields": {"product": 12, "combo": null, "order": 76, "quantity": 1, "date_added": "2025-03-13T08:30:46.962Z"}}, {"model": "app.orderitem", "pk": 339, "fields": {"product": 10, "combo": null, "order": 76, "quantity": 1, "date_added": "2025-03-13T08:31:05.613Z"}}, {"model": "app.orderitem", "pk": 340, "fields": {"product": 19, "combo": null, "order": 81, "quantity": 29, "date_added": "2025-03-13T08:37:20.823Z"}}, {"model": "app.orderitem", "pk": 341, "fields": {"product": 4, "combo": null, "order": 81, "quantity": 1, "date_added": "2025-03-13T13:20:17.253Z"}}, {"model": "app.orderitem", "pk": 342, "fields": {"product": 7, "combo": null, "order": 81, "quantity": 2, "date_added": "2025-03-13T13:58:23.778Z"}}, {"model": "app.orderitem", "pk": 344, "fields": {"product": 13, "combo": null, "order": 82, "quantity": 2, "date_added": "2025-03-13T16:18:44.991Z"}}, {"model": "app.orderitem", "pk": 345, "fields": {"product": null, "combo": 2, "order": 82, "quantity": 6, "date_added": "2025-03-13T16:50:42.006Z"}}, {"model": "app.orderitem", "pk": 346, "fields": {"product": 13, "combo": null, "order": 83, "quantity": 7, "date_added": "2025-03-14T01:38:57.099Z"}}, {"model": "app.orderitem", "pk": 347, "fields": {"product": null, "combo": 2, "order": 83, "quantity": 3, "date_added": "2025-03-14T13:40:23.225Z"}}, {"model": "app.orderitem", "pk": 348, "fields": {"product": 1, "combo": null, "order": 83, "quantity": 4, "date_added": "2025-03-14T13:55:21.815Z"}}, {"model": "app.orderitem", "pk": 349, "fields": {"product": 3, "combo": null, "order": 83, "quantity": 2, "date_added": "2025-03-14T14:21:17.708Z"}}, {"model": "app.orderitem", "pk": 350, "fields": {"product": 12, "combo": null, "order": 84, "quantity": 2, "date_added": "2025-03-15T05:43:30.722Z"}}, {"model": "app.orderitem", "pk": 351, "fields": {"product": 4, "combo": null, "order": 84, "quantity": 1, "date_added": "2025-03-15T05:43:30.726Z"}}, {"model": "app.orderitem", "pk": 352, "fields": {"product": 23, "combo": null, "order": 84, "quantity": 10, "date_added": "2025-03-15T05:43:30.728Z"}}, {"model": "app.orderitem", "pk": 353, "fields": {"product": 19, "combo": null, "order": 85, "quantity": 1, "date_added": "2025-03-15T11:08:59.521Z"}}, {"model": "app.orderitem", "pk": 354, "fields": {"product": 13, "combo": null, "order": 86, "quantity": 1, "date_added": "2025-03-15T11:10:18.472Z"}}, {"model": "app.orderitem", "pk": 356, "fields": {"product": 1, "combo": null, "order": 87, "quantity": 2, "date_added": "2025-03-15T11:13:53.320Z"}}, {"model": "app.orderitem", "pk": 357, "fields": {"product": 3, "combo": null, "order": 87, "quantity": 2, "date_added": "2025-03-15T11:13:56.982Z"}}, {"model": "app.orderitem", "pk": 358, "fields": {"product": 8, "combo": null, "order": 87, "quantity": 1, "date_added": "2025-03-15T11:14:03.140Z"}}, {"model": "app.orderitem", "pk": 359, "fields": {"product": 7, "combo": null, "order": 87, "quantity": 1, "date_added": "2025-03-15T11:14:06.614Z"}}, {"model": "app.orderitem", "pk": 360, "fields": {"product": 6, "combo": null, "order": 87, "quantity": 1, "date_added": "2025-03-15T11:14:10.087Z"}}, {"model": "app.orderitem", "pk": 361, "fields": {"product": 5, "combo": null, "order": 87, "quantity": 5, "date_added": "2025-03-15T11:14:19.248Z"}}, {"model": "app.orderitem", "pk": 362, "fields": {"product": 10, "combo": null, "order": 88, "quantity": 20, "date_added": "2025-03-16T02:31:21.413Z"}}, {"model": "app.orderitem", "pk": 363, "fields": {"product": 12, "combo": null, "order": 88, "quantity": 13, "date_added": "2025-03-16T02:31:25.945Z"}}, {"model": "app.orderitem", "pk": 364, "fields": {"product": 25, "combo": null, "order": 88, "quantity": 3, "date_added": "2025-03-16T02:31:47.296Z"}}, {"model": "app.orderitem", "pk": 365, "fields": {"product": 11, "combo": null, "order": 88, "quantity": 8, "date_added": "2025-03-16T02:43:07.189Z"}}, {"model": "app.orderitem", "pk": 366, "fields": {"product": 13, "combo": null, "order": 88, "quantity": 4, "date_added": "2025-03-16T02:43:15.356Z"}}, {"model": "app.orderitem", "pk": 367, "fields": {"product": 19, "combo": null, "order": 83, "quantity": 2, "date_added": "2025-03-16T02:49:53.928Z"}}, {"model": "app.orderitem", "pk": 368, "fields": {"product": 8, "combo": null, "order": 88, "quantity": 6, "date_added": "2025-03-16T06:49:02.453Z"}}, {"model": "app.orderitem", "pk": 369, "fields": {"product": null, "combo": 3, "order": 83, "quantity": 3, "date_added": "2025-03-16T07:49:14.192Z"}}, {"model": "app.orderitem", "pk": 370, "fields": {"product": 27, "combo": null, "order": 89, "quantity": 3, "date_added": "2025-03-16T09:44:13.423Z"}}, {"model": "app.orderitem", "pk": 371, "fields": {"product": 8, "combo": null, "order": 89, "quantity": 6, "date_added": "2025-03-16T09:44:13.426Z"}}, {"model": "app.orderitem", "pk": 372, "fields": {"product": 4, "combo": null, "order": 89, "quantity": 3, "date_added": "2025-03-16T09:44:13.429Z"}}, {"model": "app.orderitem", "pk": 373, "fields": {"product": 1, "combo": null, "order": 89, "quantity": 2, "date_added": "2025-03-16T09:44:13.431Z"}}, {"model": "app.orderitem", "pk": 374, "fields": {"product": 25, "combo": null, "order": 89, "quantity": 1, "date_added": "2025-03-16T09:44:13.433Z"}}, {"model": "app.orderitem", "pk": 375, "fields": {"product": 2, "combo": null, "order": 90, "quantity": 6, "date_added": "2025-03-16T13:53:55.348Z"}}, {"model": "app.orderitem", "pk": 377, "fields": {"product": 24, "combo": null, "order": 91, "quantity": 1, "date_added": "2025-03-17T07:47:33.835Z"}}, {"model": "app.orderitem", "pk": 378, "fields": {"product": 13, "combo": null, "order": 91, "quantity": 4, "date_added": "2025-03-18T01:02:09.145Z"}}, {"model": "app.orderitem", "pk": 379, "fields": {"product": 27, "combo": null, "order": 91, "quantity": 5, "date_added": "2025-03-18T01:02:18.877Z"}}, {"model": "app.orderitem", "pk": 380, "fields": {"product": 7, "combo": null, "order": 91, "quantity": 8, "date_added": "2025-03-18T01:02:55.201Z"}}, {"model": "app.orderitem", "pk": 381, "fields": {"product": null, "combo": 2, "order": 93, "quantity": 5, "date_added": "2025-03-21T14:56:07.449Z"}}, {"model": "app.mealplan", "pk": 1, "fields": {"customer": 2, "day": "Monday", "breakfast": [1], "lunch": [1], "dinner": [1], "snacks": [1], "combos": []}}, {"model": "app.mealplan", "pk": 2, "fields": {"customer": 2, "day": "Tuesday", "breakfast": [1], "lunch": [1], "dinner": [1], "snacks": [1], "combos": []}}, {"model": "app.mealplan", "pk": 3, "fields": {"customer": 2, "day": "Wednesday", "breakfast": [1], "lunch": [1], "dinner": [1], "snacks": [1], "combos": []}}, {"model": "app.mealplan", "pk": 4, "fields": {"customer": 2, "day": "Thursday", "breakfast": [1], "lunch": [1], "dinner": [1], "snacks": [1], "combos": []}}, {"model": "app.mealplan", "pk": 5, "fields": {"customer": 2, "day": "Friday", "breakfast": [1], "lunch": [1], "dinner": [1], "snacks": [1], "combos": []}}, {"model": "app.mealplan", "pk": 6, "fields": {"customer": 2, "day": "Saturday", "breakfast": [1], "lunch": [1], "dinner": [1], "snacks": [1], "combos": []}}, {"model": "app.mealplan", "pk": 7, "fields": {"customer": 2, "day": "Sunday", "breakfast": [1], "lunch": [1], "dinner": [1], "snacks": [1], "combos": []}}, {"model": "app.mealplan", "pk": 8, "fields": {"customer": 1, "day": "Monday", "breakfast": [1, 7], "lunch": [2, 4], "dinner": [2, 5], "snacks": [1, 2], "combos": []}}, {"model": "app.mealplan", "pk": 9, "fields": {"customer": 1, "day": "Tuesday", "breakfast": [1, 2], "lunch": [2, 5], "dinner": [3, 4], "snacks": [2], "combos": []}}, {"model": "app.mealplan", "pk": 10, "fields": {"customer": 1, "day": "Wednesday", "breakfast": [2, 11], "lunch": [3, 5], "dinner": [4, 5], "snacks": [1, 4], "combos": []}}, {"model": "app.mealplan", "pk": 11, "fields": {"customer": 1, "day": "Thursday", "breakfast": [5, 6], "lunch": [3, 5], "dinner": [3, 4], "snacks": [2, 7], "combos": []}}, {"model": "app.mealplan", "pk": 12, "fields": {"customer": 1, "day": "Friday", "breakfast": [3, 6], "lunch": [3, 4], "dinner": [4, 5], "snacks": [2, 19], "combos": []}}, {"model": "app.mealplan", "pk": 13, "fields": {"customer": 1, "day": "Saturday", "breakfast": [6, 12], "lunch": [4, 5], "dinner": [3, 4], "snacks": [2, 23], "combos": []}}, {"model": "app.mealplan", "pk": 14, "fields": {"customer": 1, "day": "Sunday", "breakfast": [7, 10], "lunch": [7, 10], "dinner": [3, 6], "snacks": [4, 18], "combos": []}}, {"model": "app.mealplan", "pk": 15, "fields": {"customer": 12, "day": "Monday", "breakfast": [1], "lunch": [2], "dinner": [2], "snacks": [2], "combos": []}}, {"model": "app.mealplan", "pk": 16, "fields": {"customer": 12, "day": "Tuesday", "breakfast": [1], "lunch": [4], "dinner": [5], "snacks": [3], "combos": []}}, {"model": "app.mealplan", "pk": 17, "fields": {"customer": 12, "day": "Wednesday", "breakfast": [6], "lunch": [5], "dinner": [4], "snacks": [23], "combos": []}}, {"model": "app.mealplan", "pk": 18, "fields": {"customer": 12, "day": "Thursday", "breakfast": [8], "lunch": [7], "dinner": [5], "snacks": [3], "combos": []}}, {"model": "app.mealplan", "pk": 19, "fields": {"customer": 12, "day": "Friday", "breakfast": [3, 7], "lunch": [5], "dinner": [3], "snacks": [7], "combos": []}}, {"model": "app.mealplan", "pk": 20, "fields": {"customer": 12, "day": "Saturday", "breakfast": [7], "lunch": [4], "dinner": [3], "snacks": [1], "combos": []}}, {"model": "app.mealplan", "pk": 21, "fields": {"customer": 12, "day": "Sunday", "breakfast": [7], "lunch": [5], "dinner": [4], "snacks": [2], "combos": []}}, {"model": "app.customermessage", "pk": 1, "fields": {"customer": 3, "message": "ti mun n", "nickname": "vinh", "created_at": "2025-03-09T02:48:11.866Z", "rating": 5}}, {"model": "app.customermessage", "pk": 2, "fields": {"customer": 5, "message": "thanks a lot", "nickname": "thien", "created_at": "2025-03-09T04:18:09.592Z", "rating": 5}}, {"model": "app.customermessage", "pk": 3, "fields": {"customer": 12, "message": "ss", "nickname": "LAVIAI", "created_at": "2025-03-10T00:24:19.046Z", "rating": 5}}, {"model": "app.customermessage", "pk": 4, "fields": {"customer": 12, "message": "d", "nickname": "LAVIAI", "created_at": "2025-03-10T00:24:46.157Z", "rating": 2}}, {"model": "app.customermessage", "pk": 5, "fields": {"customer": 15, "message": " n ngon qu", "nickname": "LAVIAI", "created_at": "2025-03-10T07:06:41.905Z", "rating": 4}}, {"model": "app.shippingaddress", "pk": 1, "fields": {"customer": 1, "order": 1, "address": "182 La Xuan Oai", "city": "Thu Duc", "mobile": "0919694180", "state": "9", "date_added": "2025-03-08T14:31:54.098Z"}}, {"model": "app.shippingaddress", "pk": 2, "fields": {"customer": 3, "order": 11, "address": "182 La Xuan Oai", "city": "Thu Duc", "mobile": "0856696046", "state": "9", "date_added": "2025-03-09T02:43:54.355Z"}}, {"model": "app.shippingaddress", "pk": 3, "fields": {"customer": 5, "order": 14, "address": "182 La Xuan Oai", "city": "Ca Mau", "mobile": "0911525793", "state": "5", "date_added": "2025-03-09T04:01:52.184Z"}}, {"model": "app.shippingaddress", "pk": 4, "fields": {"customer": 12, "order": 21, "address": "182 La Xuan Oai", "city": "Ca Mau", "mobile": "0856696046", "state": "5", "date_added": "2025-03-10T01:03:12.848Z"}}, {"model": "app.shippingaddress", "pk": 5, "fields": {"customer": 13, "order": 24, "address": "182 La Xuan Oai", "city": "Thu Duc", "mobile": "0919694180", "state": "9", "date_added": "2025-03-10T04:38:09.412Z"}}, {"model": "app.shippingaddress", "pk": 6, "fields": {"customer": 15, "order": 28, "address": "182 La Xuan Oai", "city": "Thu Duc", "mobile": "0919694180", "state": "9", "date_added": "2025-03-10T07:07:50.266Z"}}, {"model": "app.shippingaddress", "pk": 7, "fields": {"customer": null, "order": 43, "address": "192 Tang Nhon Phu", "city": "Thu Duc", "mobile": "0919292933", "state": "9", "date_added": "2025-03-10T12:28:11.728Z"}}, {"model": "app.shippingaddress", "pk": 8, "fields": {"customer": null, "order": 48, "address": "192 Tang Nhon", "city": "Thu Duc", "mobile": "0919292933", "state": "9", "date_added": "2025-03-10T12:36:19.039Z"}}, {"model": "app.shippingaddress", "pk": 9, "fields": {"customer": null, "order": 53, "address": "192 Tang Nhon Phu", "city": "Thu Duc", "mobile": "0919292933", "state": "9", "date_added": "2025-03-10T12:41:30.890Z"}}, {"model": "app.shippingaddress", "pk": 10, "fields": {"customer": null, "order": 55, "address": "192 Tang Nhon Phu", "city": "Thu Duc", "mobile": "0919292933", "state": "9", "date_added": "2025-03-10T12:46:31.659Z"}}, {"model": "app.shippingaddress", "pk": 11, "fields": {"customer": null, "order": 56, "address": "192 Tang Nhon Phu", "city": "Thu Duc", "mobile": "0919292933", "state": "9", "date_added": "2025-03-10T12:54:46.735Z"}}, {"model": "app.shippingaddress", "pk": 12, "fields": {"customer": null, "order": 58, "address": "192 Tang Nhon Phu", "city": "Thu Duc", "mobile": "0919292933", "state": "9", "date_added": "2025-03-10T12:57:31.536Z"}}, {"model": "app.shippingaddress", "pk": 13, "fields": {"customer": null, "order": 59, "address": "192 Tang Nhon Phu", "city": "Thu Duc", "mobile": "0919292933", "state": "9", "date_added": "2025-03-10T13:00:30.624Z"}}, {"model": "app.shippingaddress", "pk": 14, "fields": {"customer": null, "order": 60, "address": "192 Tang Nhon Phu", "city": "Thu Duc", "mobile": "0919292933", "state": "9", "date_added": "2025-03-10T13:05:56.391Z"}}, {"model": "app.shippingaddress", "pk": 15, "fields": {"customer": 17, "order": 62, "address": "192 Tang Nhon Phu", "city": "Thu Duc", "mobile": "0919292933", "state": "9", "date_added": "2025-03-10T13:11:37.127Z"}}, {"model": "app.shippingaddress", "pk": 16, "fields": {"customer": 17, "order": 63, "address": "192 Tang Nhon Phu", "city": "Thu Duc", "mobile": "0919292933", "state": "9", "date_added": "2025-03-10T13:17:07.961Z"}}, {"model": "app.shippingaddress", "pk": 17, "fields": {"customer": 17, "order": 64, "address": "192 Tang Nhon Phu", "city": "Thu Duc", "mobile": "0919292933", "state": "9", "date_added": "2025-03-10T13:22:57.379Z"}}, {"model": "app.shippingaddress", "pk": 18, "fields": {"customer": 17, "order": 65, "address": "192 Le Van Viet", "city": "Thu Duc", "mobile": "0919292933", "state": "9", "date_added": "2025-03-10T13:24:57.368Z"}}, {"model": "app.shippingaddress", "pk": 19, "fields": {"customer": 1, "order": 32, "address": "192 Tang Nhon", "city": "Thu Duc", "mobile": "0919292933", "state": "9", "date_added": "2025-03-10T13:30:27.517Z"}}, {"model": "app.shippingaddress", "pk": 20, "fields": {"customer": 17, "order": 66, "address": "192 Tang Nhon Phu", "city": "Thu Duc", "mobile": "0919292933", "state": "9", "date_added": "2025-03-10T13:37:41.306Z"}}, {"model": "app.shippingaddress", "pk": 21, "fields": {"customer": 17, "order": 68, "address": "192 Tang Nhon Phu", "city": "Thu Duc", "mobile": "0919292933", "state": "9", "date_added": "2025-03-10T13:45:49.772Z"}}, {"model": "app.shippingaddress", "pk": 22, "fields": {"customer": null, "order": 69, "address": "111", "city": "Thu Duc", "mobile": "0919694190", "state": "9", "date_added": "2025-03-10T13:53:52.218Z"}}, {"model": "app.shippingaddress", "pk": 23, "fields": {"customer": 17, "order": 70, "address": "192 Tang Nhon Phu", "city": "Thu Duc", "mobile": "0919292933", "state": "9", "date_added": "2025-03-10T13:54:33.125Z"}}, {"model": "app.shippingaddress", "pk": 24, "fields": {"customer": 17, "order": 71, "address": "192 Tang Nhon Phu B", "city": "Thu Duc", "mobile": "0919292933", "state": "9", "date_added": "2025-03-10T14:04:21.037Z"}}, {"model": "app.shippingaddress", "pk": 25, "fields": {"customer": 1, "order": 67, "address": "192 Tang Nhon Phu", "city": "Thu Duc", "mobile": "0919292933", "state": "9", "date_added": "2025-03-10T14:05:26.246Z"}}, {"model": "app.shippingaddress", "pk": 26, "fields": {"customer": 1, "order": 73, "address": "182 La Xuan Son", "city": "Thu Duc", "mobile": "0919694180", "state": "9", "date_added": "2025-03-10T14:06:05.402Z"}}, {"model": "app.shippingaddress", "pk": 27, "fields": {"customer": 1, "order": 74, "address": "182 La Xuan Oai", "city": "Thu Duc", "mobile": "0919694180", "state": "9", "date_added": "2025-03-10T14:21:37.674Z"}}, {"model": "app.shippingaddress", "pk": 28, "fields": {"customer": null, "order": 75, "address": "La", "city": "La", "mobile": "0919695289", "state": "1", "date_added": "2025-03-10T14:22:36.729Z"}}, {"model": "app.shippingaddress", "pk": 29, "fields": {"customer": 1, "order": 76, "address": "182 La Xuan Oai", "city": "Thu Duc", "mobile": "0919694180", "state": "9", "date_added": "2025-03-13T08:33:40.731Z"}}, {"model": "app.shippingaddress", "pk": 30, "fields": {"customer": 1, "order": 81, "address": "182 La Xuan Son", "city": "Thu Duc", "mobile": "0919694180", "state": "9", "date_added": "2025-03-13T15:47:44.021Z"}}, {"model": "app.shippingaddress", "pk": 31, "fields": {"customer": 1, "order": 82, "address": "182 La Xuan Oai", "city": "Thu Duc", "mobile": "0919694180", "state": "9", "date_added": "2025-03-14T00:57:02.308Z"}}, {"model": "app.shippingaddress", "pk": 32, "fields": {"customer": 18, "order": 85, "address": "B Dorm", "city": "Thu Duc", "mobile": "0919292933", "state": "HCM", "date_added": "2025-03-15T11:09:34.713Z"}}, {"model": "app.shippingaddress", "pk": 33, "fields": {"customer": 18, "order": 86, "address": "B Dorm", "city": "Thu Duc", "mobile": "0919292933", "state": "HCM", "date_added": "2025-03-15T11:10:42.352Z"}}, {"model": "app.shippingaddress", "pk": 34, "fields": {"customer": 18, "order": 87, "address": "B Dorm", "city": "Thu Duc", "mobile": "0919292933", "state": "HCM", "date_added": "2025-03-15T11:16:19.280Z"}}, {"model": "app.shippingaddress", "pk": 35, "fields": {"customer": 18, "order": 88, "address": "B Dorm", "city": "Thu Duc", "mobile": "0919292933", "state": "HCM", "date_added": "2025-03-16T06:49:09.483Z"}}, {"model": "app.shippingaddress", "pk": 36, "fields": {"customer": 1, "order": 83, "address": "182 La Xuan Oai", "city": "Thu Duc", "mobile": "0919694180", "state": "9", "date_added": "2025-03-16T07:51:11.676Z"}}, {"model": "app.shippingaddress", "pk": 37, "fields": {"customer": 1, "order": 91, "address": "182 La Xuan Oai", "city": "Thu Duc", "mobile": "0919694180", "state": "9", "date_added": "2025-03-18T01:03:29.749Z"}}, {"model": "app.weighttracking", "pk": 1, "fields": {"customer": 1, "date": "2025-03-07", "height": 174.0, "weight": 70.0, "bmi": 23.12, "health_status": "Not rated yet"}}, {"model": "app.weighttracking", "pk": 2, "fields": {"customer": 1, "date": "2025-03-07", "height": 178.0, "weight": 10.0, "bmi": 3.16, "health_status": "Not rated yet"}}, {"model": "app.weighttracking", "pk": 3, "fields": {"customer": 1, "date": "2025-03-07", "height": 170.0, "weight": 11.0, "bmi": 3.81, "health_status": "Not rated yet"}}, {"model": "app.weighttracking", "pk": 4, "fields": {"customer": 1, "date": "2025-03-08", "height": 177.0, "weight": 23.0, "bmi": 7.34, "health_status": "Not rated yet"}}, {"model": "app.weighttracking", "pk": 5, "fields": {"customer": 1, "date": "2025-03-08", "height": 11.0, "weight": 11.0, "bmi": 909.09, "health_status": "Not rated yet"}}, {"model": "app.weighttracking", "pk": 6, "fields": {"customer": 1, "date": "2025-03-08", "height": 174.0, "weight": 70.0, "bmi": 23.12, "health_status": "Not rated yet"}}, {"model": "app.weighttracking", "pk": 7, "fields": {"customer": 3, "date": "2025-03-09", "height": 170.0, "weight": 75.0, "bmi": 25.95, "health_status": "Not rated yet"}}, {"model": "app.weighttracking", "pk": 8, "fields": {"customer": 5, "date": "2025-03-09", "height": 164.0, "weight": 67.0, "bmi": 24.91, "health_status": "Not rated yet"}}, {"model": "app.weighttracking", "pk": 9, "fields": {"customer": 12, "date": "2025-03-10", "height": 177.0, "weight": 70.0, "bmi": 22.34, "health_status": "Not rated yet"}}, {"model": "app.weighttracking", "pk": 10, "fields": {"customer": 13, "date": "2025-03-10", "height": 167.0, "weight": 85.0, "bmi": 30.48, "health_status": "Not rated yet"}}, {"model": "app.weighttracking", "pk": 11, "fields": {"customer": 13, "date": "2025-03-10", "height": 175.0, "weight": 76.0, "bmi": 24.82, "health_status": "Not rated yet"}}, {"model": "app.weighttracking", "pk": 12, "fields": {"customer": 13, "date": "2025-03-10", "height": 177.0, "weight": 70.0, "bmi": 22.34, "health_status": "Not rated yet"}}, {"model": "app.weighttracking", "pk": 13, "fields": {"customer": 15, "date": "2025-03-10", "height": 174.0, "weight": 72.0, "bmi": 23.78, "health_status": "Not rated yet"}}, {"model": "app.weighttracking", "pk": 14, "fields": {"customer": 18, "date": "2025-03-15", "height": 172.0, "weight": 60.0, "bmi": 20.28, "health_status": "Not rated yet"}}, {"model": "app.weighttracking", "pk": 15, "fields": {"customer": 1, "date": "2025-03-16", "height": 174.0, "weight": 70.0, "bmi": 23.12, "health_status": "Not rated yet"}}, {"model": "app.weighttracking", "pk": 16, "fields": {"customer": 1, "date": "2025-03-16", "height": 174.0, "weight": 70.0, "bmi": 23.12, "health_status": "Normal"}}, {"model": "app.weighttracking", "pk": 17, "fields": {"customer": 1, "date": "2025-03-16", "height": 175.0, "weight": 72.0, "bmi": 23.51, "health_status": "Normal"}}, {"model": "app.weighttracking", "pk": 18, "fields": {"customer": 1, "date": "2025-03-16", "height": 200.0, "weight": 78.0, "bmi": 19.5, "health_status": "Normal"}}, {"model": "app.weighttracking", "pk": 19, "fields": {"customer": 1, "date": "2025-03-19", "height": 168.0, "weight": 48.0, "bmi": 17.01, "health_status": "Underweight"}}, {"model": "app.guestorder", "pk": 1, "fields": {"order": 33, "name": null, "email": null, "mobile": null}}, {"model": "app.guestorder", "pk": 2, "fields": {"order": 34, "name": null, "email": null, "mobile": null}}, {"model": "app.guestorder", "pk": 3, "fields": {"order": 35, "name": null, "email": null, "mobile": null}}, {"model": "app.guestorder", "pk": 4, "fields": {"order": 36, "name": null, "email": null, "mobile": null}}, {"model": "app.guestorder", "pk": 5, "fields": {"order": 37, "name": null, "email": null, "mobile": null}}, {"model": "app.guestorder", "pk": 6, "fields": {"order": 38, "name": null, "email": null, "mobile": null}}, {"model": "app.guestorder", "pk": 7, "fields": {"order": 39, "name": null, "email": null, "mobile": null}}, {"model": "app.guestorder", "pk": 8, "fields": {"order": 40, "name": null, "email": null, "mobile": null}}, {"model": "app.guestorder", "pk": 9, "fields": {"order": 41, "name": null, "email": null, "mobile": null}}, {"model": "app.guestorder", "pk": 10, "fields": {"order": 42, "name": null, "email": null, "mobile": null}}, {"model": "app.guestorder", "pk": 11, "fields": {"order": 43, "name": null, "email": null, "mobile": null}}, {"model": "app.guestorder", "pk": 12, "fields": {"order": 44, "name": null, "email": null, "mobile": null}}, {"model": "app.guestorder", "pk": 13, "fields": {"order": 45, "name": null, "email": null, "mobile": null}}, {"model": "app.guestorder", "pk": 14, "fields": {"order": 46, "name": null, "email": null, "mobile": null}}, {"model": "app.guestorder", "pk": 15, "fields": {"order": 47, "name": null, "email": null, "mobile": null}}, {"model": "app.guestorder", "pk": 16, "fields": {"order": 48, "name": null, "email": null, "mobile": null}}, {"model": "app.guestorder", "pk": 17, "fields": {"order": 49, "name": null, "email": null, "mobile": null}}, {"model": "app.guestorder", "pk": 18, "fields": {"order": 50, "name": null, "email": null, "mobile": null}}, {"model": "app.guestorder", "pk": 19, "fields": {"order": 51, "name": null, "email": null, "mobile": null}}, {"model": "app.guestorder", "pk": 20, "fields": {"order": 52, "name": null, "email": null, "mobile": null}}, {"model": "app.guestorder", "pk": 21, "fields": {"order": 53, "name": null, "email": null, "mobile": null}}, {"model": "app.guestorder", "pk": 22, "fields": {"order": 54, "name": null, "email": null, "mobile": null}}, {"model": "app.guestorder", "pk": 23, "fields": {"order": 55, "name": "Vinh", "email": "quangvinh@gmail.com", "mobile": null}}, {"model": "app.guestorder", "pk": 24, "fields": {"order": 57, "name": "Vinh", "email": "quangvinh@gmail.com", "mobile": null}}, {"model": "app.guestorder", "pk": 25, "fields": {"order": 61, "name": null, "email": null, "mobile": null}}, {"model": "app.guestorder", "pk": 26, "fields": {"order": 69, "name": "Vinh", "email": "quvinh1305@gmail.com", "mobile": null}}, {"model": "app.guestorder", "pk": 27, "fields": {"order": 75, "name": "Giao", "email": "in@gmail.com", "mobile": null}}, {"model": "app.guestorder", "pk": 28, "fields": {"order": 77, "name": null, "email": null, "mobile": null}}, {"model": "app.guestorder", "pk": 29, "fields": {"order": 78, "name": null, "email": null, "mobile": null}}, {"model": "app.guestorder", "pk": 30, "fields": {"order": 79, "name": null, "email": null, "mobile": null}}, {"model": "app.guestorder", "pk": 31, "fields": {"order": 80, "name": null, "email": null, "mobile": null}}, {"model": "app.guestorder", "pk": 32, "fields": {"order": 84, "name": null, "email": null, "mobile": null}}, {"model": "app.guestorder", "pk": 33, "fields": {"order": 89, "name": null, "email": null, "mobile": null}}, {"model": "app.guestorder", "pk": 34, "fields": {"order": 90, "name": null, "email": null, "mobile": null}}, {"model": "app.guestorder", "pk": 35, "fields": {"order": 93, "name": null, "email": null, "mobile": null}}]